{
  "className":"it.Eleven_Lines_NN_System_Spec",
  "statistics":{
    "runs":"5",
    "successRate":"80.0%",
    "failures":"1",
    "errors":"0",
    "skipped":"0",
    "duration":"7.348 seconds"
  },

  "title":"NN Code Golfing!",
  "narrative":"This system test specification uses the following Numpy\n    code as reference implementation for the equivalent in Neureka\n    or similar implementations and variations.\n    The code below is a simple neural network in only 11 lines of code.\n\n    ´´´\n        X = np.array([ [0,0,1],[0,1,1],[1,0,1],[1,1,1] ])\n        y = np.array([[0,1,1,0]]).T\n        W1 = 2*np.random.random((3,4)) - 1\n        W2 = 2*np.random.random((4,1)) - 1\n        for j in xrange(60000):\n            l1 = 1/(1+np.exp(-(np.dot(X,W1))))\n            l2 = 1/(1+np.exp(-(np.dot(l1,W2))))\n            l2_delta = (y - l2)*(l2*(1-l2))\n            l1_delta = l2_delta.dot(W2.T) * (l1 * (1-l1))\n            W2 += l1.T.dot(l2_delta)\n            W1 += X.T.dot(l1_delta)\n    ´´´",
  "headers":[],"tags":{},"see":[],
  "features":[ 
    {
      "id":"One can write a simple neural network with custom back-prop in 11 lines of code!",
      "result":"PASS",
      "duration":"6.070 seconds",
      "iterations":{
      "tags":{},"see":[],"extraInfo":[]
      },
      "blocks":[
        {"kind":"given","text":"","code":["var X = Tsr.of(Double, [[0, 0, 1], [0, 1, 1], [1, 0, 1], [1, 1, 1]])","var y = Tsr.of(Double, [[0, 1, 1, 0]]).T","var W1 = Tsr.ofRandom(Double, 3, 4)","var W2 = Tsr.ofRandom(Double, 4, 1)","60.times {","    var l1 = Tsr.of('sig(', X.matMul(W1), ')')","    var l2 = Tsr.of('sig(', l1.matMul(W2), ')')","    var l2_delta = (y - l2) * (l2 * (-l2 + 1))","    var l1_delta = l2_delta.matMul(W2.T) * (l1 * (-l1 + 1))","    W2 += l1.T.matMul(l2_delta)","    W1 += X.T.matMul(l1_delta)","}"]},
        {"kind":"expect","text":"","code":["W1.unsafe.data == RESULT_W1","W2.unsafe.data == RESULT_W2"]}
      ],
      "problems":"[]"
    },
  
    {
      "id":"One can write a simple neural network in less than 11 lines of code!",
      "result":"PASS",
      "duration":"0.310 seconds",
      "iterations":{
      "tags":{},"see":[],"extraInfo":[]
      },
      "blocks":[
        {"kind":"given","text":"","code":["var X = Tsr.of(Double, [[0, 0, 1], [0, 1, 1], [1, 0, 1], [1, 1, 1]])","var y = Tsr.of(Double, [[0, 1, 1, 0]]).T","var W1 = Tsr.ofRandom(Double, 3, 4).setRqsGradient(true)","var W2 = Tsr.ofRandom(Double, 4, 1).setRqsGradient(true)","60.times {","    var l2 = Tsr.of('sig(',Tsr.of('sig(',X.matMul(W1),')').matMul(W2),')')","    l2.backward(y - l2)","    W1.applyGradient(); W2.applyGradient()","}"]},
        {"kind":"expect","text":"","code":["W1.unsafe.data == RESULT_W1","W2.unsafe.data == RESULT_W2"]}
      ],
      "problems":"[]"
    },
  
    {
      "id":"One can write a simple float based neural network in less than 11 lines of java like code!",
      "result":"FAIL",
      "duration":"0.434 seconds",
      "iterations":{
      "tags":{},"see":[],"extraInfo":[]
      },
      "blocks":[
        {"kind":"given","text":"","code":["var X = Tsr.ofFloats().withShape(4,3).andFill(0f, 0f, 1f,  0f, 1f, 1f,  1f, 0f, 1f,  1f, 1f, 1f)","var y = Tsr.ofFloats().withShape(1,4).andFill(0f, 1f, 1f, 0f).T()","var W1 = Tsr.ofRandom(Float.class, 3,4).setRqsGradient(true)","var W2 = Tsr.ofRandom(Float.class, 4,1).setRqsGradient(true)","for ( int i = 0; i < 60; i++ ) {","    Tsr<Float> l2 = Tsr.of('sig(',Tsr.of('sig(',X.matMul(W1),')').matMul(W2),')');","    l2.backward(y.minus(l2));","    W1.applyGradient(); W2.applyGradient();","}"]},
        {"kind":"expect","text":"","code":["W1.unsafe.data == RESULT_W1_F32 as float[]","W2.unsafe.data == RESULT_W2_F32 as float[]"]}
      ],
      "problems":"[[dataValues:[], errors:[Condition not satisfied:

W1.unsafe.data == RESULT_W1_F32 as float[]
|  |      |    |  |
|  |      |    |  [-0.91154915, -2.8053195, -0.25180107, -1.3116925, -0.6594293, 2.5123818, -1.0514474, -1.2928098, 1.3971564, 2.2039096, -0.67828107, 2.738544]
|  |      |    false
|  |      [-0.9120247, -2.7941055, -0.24837524, -1.2964619, -0.658064, 2.5005424, -1.0468297, -1.2943683, 1.3986741, 2.2010772, -0.67997175, 2.728113]
|  <neureka.TsrImpl$1@7932b623 this$0=(3x4):[
|     [ -0.91202, -2.79411, -0.24837, -1.29646 ],
|     [ -0.65806, 2.50054, -1.04683, -1.29437 ],
|     [ 1.39867, 2.20108, -0.67997, 2.72811 ]
|  ]:g:[null]>
(3x4):[
   [ -0.91202, -2.79411, -0.24837, -1.29646 ],
   [ -0.65806, 2.50054, -1.04683, -1.29437 ],
   [ 1.39867, 2.20108, -0.67997, 2.72811 ]
]:g:[null]
], time:434, info:org.spockframework.runtime.model.IterationInfo@44aac8fd]]"
    },
  
    {
      "id":"One can write a simple double based neural network in less than 11 lines of java like code using the \"@\" operator!",
      "result":"PASS",
      "duration":"0.430 seconds",
      "iterations":{
      "tags":{},"see":[],"extraInfo":[]
      },
      "blocks":[
        {"kind":"given","text":"","code":["var X  = Tsr.ofDoubles().withShape(4,3).andFill(0d, 0d, 1d, 0d, 1d, 1d, 1d, 0d, 1d, 1d, 1d, 1d)","var y  = Tsr.ofDoubles().withShape(1,4).andFill(0d, 1d, 1d, 0d).T()","var W1 = Tsr.ofRandom(Double.class, 3, 4).setRqsGradient(true)","var W2 = Tsr.ofRandom(Double.class, 4, 1).setRqsGradient(true)","for ( int i = 0; i < 60; i++ ) {","    var l2 = Tsr.of(\"sig(\",Tsr.of(\"sig(\",X,'@' as char,W1,\")\"),\"@\",W2,\")\");","    l2.backward(Tsr.of(y,\"-\",l2)); // Back-propagating the error!","    W1.applyGradient(); W2.applyGradient();","}"]},
        {"kind":"expect","text":"","code":["W1.unsafe.data == RESULT_W1","W2.unsafe.data == RESULT_W2"]}
      ],
      "problems":"[]"
    },
  
    {
      "id":"The pseudo random number generator works as expected for the weights used in the 11 line NN examples!",
      "result":"PASS",
      "duration":"0.003 seconds",
      "iterations":{
      "tags":{},"see":[],"extraInfo":[]
      },
      "blocks":[
        {"kind":"given","text":"","code":["var W1 = Tsr.ofRandom(Double, 3, 4)","var W2 = Tsr.ofRandom(Double, 4, 1)"]},
        {"kind":"expect","text":"","code":["W1.unsafe.data == [-0.910969595136708, -1.9627469837128895, -0.048245881734580415, -0.3554745831321771, -0.6595188311162824, 1.839723209668042, -0.7864999508162774, -1.918339420402628, 1.4035229760225527, 2.245738695936844, -0.7473176166694635, 1.9016692137691462]","W2.unsafe.data == [-0.1611330910958405, -0.9350019667613545, -0.3780200880067806, 1.4951759768158595]"]}
      ],
      "problems":"[]"
    }
  
  ],
  "generator":"https://github.com/renatoathaydes/spock-reports"
}