{
  "className":"ut.backend.core.Randomization_Spec",
  "statistics":{
    "runs":"1",
    "successRate":"100.0%",
    "failures":"0",
    "errors":"0",
    "skipped":"0",
    "duration":"0.069 seconds"
  },

  "title":"",
  "narrative":"",
  "headers":[],"tags":{},"see":[],
  "features":[ 
    {
      "id":"Randomization is in essence the same algorithm as JDKs \"Random\".",
      "result":"PASS",
      "duration":"0.062 seconds",
      "iterations":{
      "tags":{},"see":[],"extraInfo":[]
      },
      "blocks":[
        {"kind":"given","text":"","code":["var random = new Random()","var seed = Randomization.initialScramble(666_42_666)","var r2 = [0,0] as double[]"]},
        {"kind":"when","text":"","code":["random.seed = 666_42_666"]},
        {"kind":"and","text":"","code":["var r1 = random.nextGaussian()","Randomization.gaussianFrom(seed, r2)"]},
        {"kind":"then","text":"","code":["r2[0] == r1","r2[1] == random.nextGaussian()"]}
      ],
      "problems":"[]"
    }
  
  ],
  "generator":"https://github.com/renatoathaydes/spock-reports"
}