{
  "className":"ut.dtype.NumericType_Spec",
  "statistics":{
    "runs":"4",
    "successRate":"100.0%",
    "failures":"0",
    "errors":"0",
    "skipped":"0",
    "duration":"0.121 seconds"
  },

  "title":"The NumericType and its implementations model their respective numeric data types.",
  "narrative":"This specification covers the behavior of the NumericType interface\n    which is responsible for modelling numeric data types which may or may not be native to the JVM. \n    These implementations however do not model them in the traditional OO style\n    but merely expose useful utility method for converting and representing \n    these numeric data types using JVM types.",
  "headers":["\n            This specification covers implementations\n            of the \"interface neureka.dtype.NumericType\" interface.\n            Such classes are responsible for\n            representing all numeric types including the ones\n            which are foreign to the JVM, namely : \n            unsigned integer types.\n        "],"tags":{},"see":[],
  "features":[ 
    {
      "id":"NumericType implementations return their expected properties.",
      "result":"PASS",
      "duration":"0",
      "iterations":{
      "tags":{},"see":[],"extraInfo":[]
      },
      "blocks":[
        {"kind":"expect","text":"The type instance describes the expected number of bytes.","code":["type.numberOfBytes() == bytes"]},
        {"kind":"and","text":"It describes the expected JVM target type.","code":["type.targetType() == target"]},
        {"kind":"and","text":"It also describes the expected array type of said JVM target type.","code":["type.targetArrayType() == array"]},
        {"kind":"and","text":"The instance knows if it is signed or not.","code":["type.signed() == signed"]},
        {"kind":"where","text":"The following data is being used: ","code":[""]}
      ],
      "problems":"[]"
    },
  
    {
      "id":"NumericType implementations behave as expected.",
      "result":"PASS",
      "duration":"0",
      "iterations":{
      "tags":{},"see":[],"extraInfo":[]
      },
      "blocks":[
        {"kind":"given","text":"","code":["def result = type.foreignHolderBytesToTarget( data as byte[] )"]},
        {"kind":"expect","text":"The array of bytes  is being converted to a fitting JVM type.","code":["result == converted"]},
        {"kind":"and","text":"The original byte array can be recreated by converting with the inverse...","code":["type.targetToForeignHolderBytes(result) == ( data as byte[] )"]},
        {"kind":"where","text":"The following NumericType instances and bytes are being used :","code":[""]}
      ],
      "problems":"[]"
    },
  
    {
      "id":"Conversion goes both ways and produces expected numeric values.",
      "result":"PASS",
      "duration":"0.019 seconds",
      "iterations":{
      "tags":{},"see":[],"extraInfo":[]
      },
      "blocks":[
        {"kind":"when","text":"We apply a filter in order to guarantee that the right data type is being used.","code":["original = [","        'UI8' : { o -> o as Byte },","        'UI16': { o -> o as Short },","        'UI32': { o -> o as Integer },","        'UI64': { o -> o as Long },","        'I8'  : { o -> o as Byte },","        'I16' : { o -> o as Short },","        'I32' : { o -> o as Integer },","        'I64' : { o -> o as Long },","        'F32' : { o -> o as Float },","        'F64' : { o -> o as Double }","][ num.class.simpleName ](original)"]},
        {"kind":"and","text":"The convert the raw type (might represent unsigned value) to a JVM compatible target type...","code":["def resultTarget = num.foreignHolderBytesToTarget( rawOriginal )"]},
        {"kind":"and","text":"Then convert this result to the true byte array of the value...","code":["def backToRaw = num.targetToForeignHolderBytes( resultTarget )"]},
        {"kind":"then","text":"This produces the expected values which express the following relationships:","code":["resultTarget == target","backToRaw == rawOriginal","num.toTarget( original ) == target","num.convertToHolder(target) == original"]},
        {"kind":"and","text":"The numeric type instance can perform array conversion.","code":["num.convertToTargetArray( rawOriginal as double[] ) == rawOriginal","num.convertToTargetArray( rawOriginal as float[] ) == rawOriginal","num.convertToTargetArray( rawOriginal as int[] ) == rawOriginal","num.convertToTargetArray( rawOriginal as short[] ) == rawOriginal","num.convertToTargetArray( rawOriginal as long[] ) == rawOriginal"]},
        {"kind":"where","text":"The following \"NumericType\" implementation instances and numeric data is being used: ","code":[""]}
      ],
      "problems":"[]"
    },
  
    {
      "id":"NumericType conversion to holder types yields expected results.",
      "result":"PASS",
      "duration":"0.001 seconds",
      "iterations":{
      "tags":{},"see":[],"extraInfo":[]
      },
      "blocks":[
        {"kind":"when","text":"","code":["def result = num.convertToHolder( from )"]},
        {"kind":"then","text":"","code":["result == expected"]},
        {"kind":"and","text":"","code":["result.class == expected.class"]},
        {"kind":"and","text":"","code":["result.class == holderType"]},
        {"kind":"and","text":"","code":["num.holderType() == holderType"]},
        {"kind":"and","text":"","code":["num.holderArrayType() == holderArrayType"]},
        {"kind":"where","text":"","code":[""]}
      ],
      "problems":"[]"
    }
  
  ],
  "generator":"https://github.com/renatoathaydes/spock-reports"
}