{
  "className":"ut.tensors.Tensor_IO_Spec",
  "statistics":{
    "runs":"16",
    "successRate":"100.0%",
    "failures":"0",
    "errors":"0",
    "skipped":"0",
    "duration":"0.683 seconds"
  },

  "title":"The Tensor state Input and Output Specification",
  "narrative":"Tensors are complicated data structures with a wide range of different possible states.\n    They can host elements of different types residing on many kinds of different devices.\n    Here we want to define some basic stuff about how a tensor can be instantiated\n    and how we can read from and write to the state of a tensor.\n    Here we also specify how a tensor can be converted to another tensor of a different data type!",
  "headers":["\n            <h2>Tensor Instantiation and IO Tests</h2>\n            <p>\n                This specification covers some basic behaviour related to\n                tensor instantiation and modification.\n                This includes the instantiation of tensors with custom seeds, shapes and values...\n                Included are also tests covering static factory methods.\n            </p>\n        "],"tags":{},"see":[],
  "features":[ 
    {
      "id":"Tensors can be instantiated with String seed.",
      "result":"PASS",
      "duration":"0.017 seconds",
      "iterations":{
      "tags":{},"see":[],"extraInfo":[]
      },
      "blocks":[
        {"kind":"given","text":"Three seeded 2D tensors are being instantiated.","code":["Tsr t1 = Tsr.of([2, 3], \"I am a seed! :)\")","Tsr t2 = Tsr.of([2, 3], \"I am a seed! :)\")","Tsr t3 = Tsr.of([2, 3], \"I am also a seed! But different. :)\")"]},
        {"kind":"expect","text":"Equal seeds produce equal values.","code":["t1.toString() == t2.toString()","t1.toString() != t3.toString()"]}
      ],
      "problems":"[]"
    },
  
    {
      "id":"Smart tensor constructors yield expected results.",
      "result":"PASS",
      "duration":"0.119 seconds",
      "iterations":{
      "tags":{},"see":[],"extraInfo":[]
      },
      "blocks":[
        {"kind":"given","text":"Three scalar tensors.","code":["Tsr a = Tsr.of(3)","Tsr b = Tsr.of(2)","Tsr c = Tsr.of(-1)"]},
        {"kind":"when","text":"","code":["Tsr t = Tsr.of(\"1+\", a, \"*\", b)"]},
        {"kind":"then","text":"","code":["t.toString().contains(\"7.0\")"]},
        {"kind":"when","text":"","code":["t = Tsr.of(\"1\", \"+\", a, \"*\", b)"]},
        {"kind":"then","text":"","code":["t.toString().contains(\"7.0\")"]},
        {"kind":"when","text":"","code":["t = Tsr.of(\"(\",\"1+\", a,\")\", \"*\", b)"]},
        {"kind":"then","text":"","code":["t.toString().contains(\"8.0\")"]},
        {"kind":"when","text":"","code":["t = Tsr.of(\"(\",\"1\", \"+\", a,\")\", \"*\", b)"]},
        {"kind":"then","text":"","code":["t.toString().contains(\"8.0\")"]},
        {"kind":"when","text":"","code":["t = Tsr.of(\"(\", c, \"*3)+\", \"(\",\"1+\", a,\")\", \"*\", b)"]},
        {"kind":"then","text":"","code":["t.toString().contains(\"5.0\")"]},
        {"kind":"when","text":"","code":["t = Tsr.of(\"(\", c, \"*\",\"3)+\", \"(\",\"1+\", a,\")\", \"*\", b)"]},
        {"kind":"then","text":"","code":["t.toString().contains(\"5.0\")"]},
        {"kind":"when","text":"","code":["t = Tsr.of(\"(\", c, \"*\",\"3\", \")+\", \"(\",\"1+\", a,\")\", \"*\", b)"]},
        {"kind":"then","text":"","code":["t.toString().contains(\"5.0\")"]},
        {"kind":"when","text":"","code":["t = Tsr.of([2, 2], [2, 4, 4])"]},
        {"kind":"then","text":"","code":["t.toString().contains(\"(2x2):[2.0, 4.0, 4.0, 2.0]\")"]},
        {"kind":"when","text":"","code":["t = Tsr.of([2], [3, 5, 7])"]},
        {"kind":"then","text":"","code":["t.toString().contains(\"(2):[3.0, 5.0]\")","t.getItemsAs( double[].class ).length==2"]},
        {"kind":"when","text":"","code":["t = Tsr.of(new int[]{2, 2}, new double[]{2, 4, 4})"]},
        {"kind":"then","text":"","code":["t.toString().contains(\"(2x2):[2.0, 4.0, 4.0, 2.0]\")"]},
        {"kind":"when","text":"","code":["t = Tsr.of(new int[]{2}, new double[]{3, 5, 7})"]},
        {"kind":"then","text":"","code":["t.toString().contains(\"(2):[3.0, 5.0]\")","t.getItemsAs( double[].class ).length==2"]}
      ],
      "problems":"[]"
    },
  
    {
      "id":"Indexing after reshaping works as expected.",
      "result":"PASS",
      "duration":"0.009 seconds",
      "iterations":{
      "tags":{},"see":[],"extraInfo":[]
      },
      "blocks":[
        {"kind":"given","text":"We are using the legacy view for tensors where bracket types are swapped, just because...","code":["Neureka.get().settings().view().getNDPrintSettings().setIsLegacy(true)"]},
        {"kind":"and","text":"A new tensor instance with the shape (4x3).","code":["Tsr t1 = Tsr.of([4, 3], 1d..12d)"]},
        {"kind":"when","text":"Recording the index behavior before and after a reshape operation...","code":["var t1_ioi_1 = t1.indexOfIndices(new int[]{2, 1})","var t1_ioi_2 = t1.indexOfIndices(new int[]{1, 2})","var t1_indices = t1.indicesOfIndex(5)","Tsr t2 = Function.of(\" [ 1, 0 ]:( I[0] ) \")(t1)","var t2_ioi_1 = t2.indexOfIndices(new int[]{1, 2})","var t2_idx = t2.indicesOfIndex(7)","var t1_ioi_3 = t1.indexOfIndices(t1.indicesOfIndex(7))","var t2_ioi_2 =  t2.indexOfIndices(t2.indicesOfIndex(7))"]},
        {"kind":"then","text":"These recorded values are as one would expect.","code":["t1_ioi_1 == 7","t1_ioi_2 == 5","t1_indices[0] == 1","t1_indices[1] == 2","t2_ioi_1 == 7","t2_idx[0] == 1","t2_idx[1] == 3","t1_ioi_3 == 7","t2_ioi_2 == 10","t1.toString().contains(\"[4x3]:(1.0, 2.0, 3.0, 4.0, 5.0, 6.0, 7.0, 8.0, 9.0, 10.0, 11.0, 12.0)\")","t2.toString().contains(\"[3x4]:(1.0, 4.0, 7.0, 10.0, 2.0, 5.0, 8.0, 11.0, 3.0, 6.0, 9.0, 12.0)\")"]}
      ],
      "problems":"[]"
    },
  
    {
      "id":"Passing String seed to tensor produces expected values.",
      "result":"PASS",
      "duration":"0.008 seconds",
      "iterations":{
      "tags":{},"see":[],"extraInfo":[]
      },
      "blocks":[
        {"kind":"when","text":"","code":["Tsr r = Tsr.of([2, 2], \"jnrejn\")"]},
        {"kind":"then","text":"","code":["r.toString().contains(\"0.02600, -2.06129, -0.48373, 0.94884\")"]},
        {"kind":"when","text":"","code":["r = Tsr.of([2, 2], \"jnrejn2\")"]},
        {"kind":"then","text":"","code":["!r.toString().contains(\"0.02600, -2.06129, -0.48373, 0.94884\")"]}
      ],
      "problems":"[]"
    },
  
    {
      "id":"Tensor value type can not be changed by passing float or double arrays to it.",
      "result":"PASS",
      "duration":"0.045 seconds",
      "iterations":{
      "tags":{},"see":[],"extraInfo":[]
      },
      "blocks":[
        {"kind":"given","text":"We are using the legacy view for tensors where bracket types are swapped, just because...","code":["Neureka.get().settings().view().getNDPrintSettings().setIsLegacy(true)"]},
        {"kind":"and","text":"A new tensor instance.","code":["Tsr x = Tsr.of(3)"]},
        {"kind":"when","text":"Setting the value of the tensor...","code":["float[] value32 = new float[1]","value32[0] = 5","x.setItems(value32)"]},
        {"kind":"then","text":"...the tensor will change as expected.","code":["!(x.getItems() instanceof float[])","!(x.unsafe.data instanceof float[])","!(x.data instanceof float[])","x.getItemsAs( float[].class )[ 0 ]==5.0f","x.getItemsAs( double[].class )[0]==5.0d"]},
        {"kind":"when","text":"Doing the same with double array...","code":["double[] value64 = new double[1]","value64[0] = 4.0","x.setItems(value64)"]},
        {"kind":"then","text":"...once again the tensor changes as expected.","code":["x.getItems() instanceof double[]","x.unsafe.data instanceof double[]","x.data instanceof double[]","x.getItemsAs( float[].class )[ 0 ]==4.0f","x.getItemsAs( double[].class )[0]==4.0d","x.isLeave()","!x.isBranch()","!x.isOutsourced()","!x.isVirtual()","!x.isSlice()","!x.isSliceParent()","!x.belongsToGraph()","x.getDevice() !=null","x.getDevice() instanceof CPU","x.rank()==1","!x.rqsGradient()","x.size()==1"]},
        {"kind":"when","text":"","code":["x.unsafe.toType( Float.class )"]},
        {"kind":"then","text":"","code":["x.items instanceof float[]"]},
        {"kind":"when","text":"","code":["value64 = new double[1]","value64[0] = 7.0","x.setItems(value64)"]},
        {"kind":"then","text":"","code":["!(x.getItems() instanceof double[])","!(x.unsafe.data instanceof double[])","!(x.data instanceof double[])","x.getItemsAs( float[].class )[ 0 ]==7.0f","x.getItemsAs( double[].class )[0]==7.0d"]}
      ],
      "problems":"[]"
    },
  
    {
      "id":"We turn a tensor into a scalar value or string through the \"as\" operator!",
      "result":"PASS",
      "duration":"0.017 seconds",
      "iterations":{
      "tags":{},"see":[],"extraInfo":[]
      },
      "blocks":[
        {"kind":"given","text":"A tensor of 3 floats:","code":["var t = Tsr.ofFloats().vector(42, 42, 42)"]},
        {"kind":"expect","text":"We can now turn the tensor int other data types!","code":["(t as Integer) == 42","(t as Double) == 42","(t as Short) == 42","(t as Byte) == 42","(t as Long) == 42"]},
        {"kind":"and","text":"Also use it instead of the \"toString\" method.","code":["(t as String) == t.toString()"]}
      ],
      "problems":"[]"
    },
  
    {
      "id":"We can re-populate a tensor of shorts from a single scalar value!",
      "result":"PASS",
      "duration":"0.171 seconds",
      "iterations":{
      "tags":{},"see":[],"extraInfo":[]
      },
      "blocks":[
        {"kind":"given","text":"A tensor of 3 numbers:","code":[""]},
        {"kind":"and","text":"We store the tensor on the given device, to ensure that it work there as well.","code":[""]},
        {"kind":"when","text":"We call the \"setValue\" method with a scalar value passed to it...","code":[""]},
        {"kind":"then","text":"The value of the tensor will be an array of 3.","code":[""]},
        {"kind":"and","text":"We now expect the tensor to be virtual, because it stores only a single type of value.","code":[""]},
        {"kind":"where","text":"----","code":[""]}
      ],
      "problems":"[]"
    },
  
    {
      "id":"We can manipulate the underlying data array of a tensor through the unsafe API.",
      "result":"PASS",
      "duration":"0.031 seconds",
      "iterations":{
      "tags":{},"see":[],"extraInfo":[]
      },
      "blocks":[
        {"kind":"given","text":"A tensor of 3 numbers:","code":[""]},
        {"kind":"and","text":"We store the tensor on the given device, to ensure that it work there as well.","code":[""]},
        {"kind":"when","text":"We create a slice which should internally reference the same data as the slice parent.","code":[""]},
        {"kind":"then","text":"The slice has the expected state!","code":[""]},
        {"kind":"when","text":"We call the \"setData\" method with a scalar value passed to it...","code":[""]},
        {"kind":"then","text":"The change will be reflected in the slice...","code":[""]},
        {"kind":"and","text":"Also in the slice parent!","code":[""]},
        {"kind":"and","text":"Both tensors should have the same data array!","code":[""]},
        {"kind":"where","text":"----","code":[""]}
      ],
      "problems":"[]"
    },
  
    {
      "id":"When we try to manipulate the underlying data array of a virtual tensor then it will become actual.",
      "result":"PASS",
      "duration":"0.011 seconds",
      "iterations":{
      "tags":{},"see":[],"extraInfo":[]
      },
      "blocks":[
        {"kind":"given","text":"A tensor of 3 numbers:","code":[""]},
        {"kind":"and","text":"We store the tensor on the given device, to ensure that it work there as well.","code":[""]},
        {"kind":"expect","text":"The tensor is virtual because it is filled homogeneously with the same value.","code":[""]},
        {"kind":"when","text":"We access the third item of the tensor and set the value 42.","code":[""]},
        {"kind":"then","text":"The tensor is no longer virtual because it now stores 2 different values.","code":[""]},
        {"kind":"where","text":"We ensure that this works on different devices and with different data types.","code":[""]}
      ],
      "problems":"[]"
    },
  
    {
      "id":"Tensors value type can be changed by calling \"toType(...)\".",
      "result":"PASS",
      "duration":"0.002 seconds",
      "iterations":{
      "tags":{},"see":[],"extraInfo":[]
      },
      "blocks":[
        {"kind":"given","text":"We are using the legacy view for tensors where bracket types are swapped, just because...","code":["Neureka.get().settings().view().getNDPrintSettings().setIsLegacy(true)","Tsr x = Tsr.of(3)"]},
        {"kind":"when","text":"","code":["x.unsafe.toType( Float.class )"]},
        {"kind":"then","text":"","code":["x.getItems() instanceof float[]","x.unsafe.data instanceof float[]","x.data instanceof float[]","x.getItemsAs( float[].class )[ 0 ]==3.0f"]},
        {"kind":"when","text":"","code":["x.unsafe.toType( Double.class )"]},
        {"kind":"then","text":"","code":["x.getItems() instanceof double[]","x.unsafe.data instanceof double[]","x.data instanceof double[]","x.getItemsAs( float[].class )[ 0 ]==3.0f"]}
      ],
      "problems":"[]"
    },
  
    {
      "id":"Vector tensors can be instantiated via factory methods.",
      "result":"PASS",
      "duration":"0.006 seconds",
      "iterations":{
      "tags":{},"see":[],"extraInfo":[]
      },
      "blocks":[
        {"kind":"given","text":"We create a vector tensor using the \"of\" factory method.","code":["Tsr<?> t = Tsr.of(data)"]},
        {"kind":"expect","text":"The resulting tensor has the expected item type class.","code":["t.itemClass == type"]},
        {"kind":"and","text":"Also the expected shape.","code":["t.shape() == shape"]},
        {"kind":"and","text":"The tensor has the expected data array.","code":["t.unsafe.data == data","t.data == data"]},
        {"kind":"and","text":"The tensor is not virtual nor is it a slice... so the item array and data array contain the same values.","code":["t.items == data"]},
        {"kind":"where","text":"","code":[""]}
      ],
      "problems":"[]"
    },
  
    {
      "id":"A tensor produced by a function has expected properties.",
      "result":"PASS",
      "duration":"0.003 seconds",
      "iterations":{
      "tags":{},"see":[],"extraInfo":[]
      },
      "blocks":[
        {"kind":"given","text":"We are using the legacy view for tensors where bracket types are swapped, just because...","code":["Neureka.get().settings().view().getNDPrintSettings().setIsLegacy(true)"]},
        {"kind":"and","text":"A simple scalar tensor containing the number \"4\".","code":["Tsr x = Tsr.of(4)"]},
        {"kind":"when","text":"","code":["Tsr y = Tsr.of(\"th(I[0])\", x)"]},
        {"kind":"then","text":"","code":["y.isBranch()","!y.isLeave()","y.belongsToGraph()","x.belongsToGraph()","y.toString().contains(\"[1]:(0.99932)\")"]}
      ],
      "problems":"[]"
    },
  
    {
      "id":"A tensor produced by the static \"Tsr.Create.newRandom(shape)\" has expected \"random\" value.",
      "result":"PASS",
      "duration":"0.006 seconds",
      "iterations":{
      "tags":{},"see":[],"extraInfo":[]
      },
      "blocks":[
        {"kind":"given","text":"We are using the legacy view for tensors where bracket types are swapped, just because...","code":["Neureka.get().settings().view().getNDPrintSettings().setIsLegacy(true)"]},
        {"kind":"when","text":"Creating a simple shape array...","code":["int[] shape = new int[1]","shape[0] = 4"]},
        {"kind":"and","text":"...and passing it to the \"newRandom\" factory method to produce tensor x...","code":["Tsr x = Tsr.ofRandom(Double, shape)"]},
        {"kind":"then","text":"...the newly created variable x is as expected!","code":["x.toString().contains(\"[4]:(-1.04829, -0.40245, -0.04347, -1.4921)\")"]},
        {"kind":"when","text":"Again using the \"andSeed\" method with a long seed...","code":["x = Tsr.ofDoubles().withShape(shape).andSeed(106605040595L)"]},
        {"kind":"then","text":"...the newly created variable x is as expected!","code":["x.toString().contains(\"[4]:(0.22266, 0.65678, -0.83154, 0.68019)\")"]},
        {"kind":"when","text":"Again using the \"andSeed\" method with a long seed and with float as data type...","code":["x = Tsr.ofFloats().withShape(shape).andSeed(106605040595L)"]},
        {"kind":"then","text":"...the newly created variable x is as expected!","code":["x.toString().contains(\"[4]:(0.22266, 0.65678, -0.83154, 0.68019)\")"]}
      ],
      "problems":"[]"
    },
  
    {
      "id":"Tensor values can be manipulated via static method calls within the \"Tsr.IO\" class.",
      "result":"PASS",
      "duration":"0.047 seconds",
      "iterations":{
      "tags":{},"see":[],"extraInfo":[]
      },
      "blocks":[
        {"kind":"given","text":"We are using the legacy view for tensors where bracket types are swapped, just because...","code":["Neureka.get().settings().view().getNDPrintSettings().setIsLegacy(true)"]},
        {"kind":"and","text":"Two tensors which will be used for testing IO.","code":["var t = Tsr.of([2, 2], [","        1.0d, 4.0d,","        2.0d, 7.0d,","])","var v = Tsr.of([2, 2], [","        1.0d, -1.0d,","        1.0d, -1.0d","])"]},
        {"kind":"when","text":"","code":["t += v"]},
        {"kind":"then","text":"","code":["t.toString().contains(\"[2x2]:(2.0, 3.0, 3.0, 6.0)\")"]},
        {"kind":"when","text":"","code":["t.setItemAt( 2, 6.0 as double )"]},
        {"kind":"then","text":"","code":["t.toString().contains(\"[2x2]:(2.0, 3.0, 6.0, 6.0)\")"]},
        {"kind":"when","text":"","code":["int[] indices = new int[2]","indices[1] = 1","t.setItemAt(t.indexOfIndices(indices), -6.0 as double)"]},
        {"kind":"then","text":"","code":["t.toString().contains(\"[2x2]:(2.0, -6.0, 6.0, 6.0)\")","t.getItemAt(indices) ==-6.0d"]},
        {"kind":"when","text":"","code":["indices[0] = 1","t[indices].timesAssign(-1d)"]},
        {"kind":"then","text":"","code":["t.toString().contains(\"[2x2]:(2.0, -6.0, 6.0, -6.0)\")"]},
        {"kind":"when","text":"","code":["t[3].timesAssign(-2d)"]},
        {"kind":"then","text":"","code":["t.toString().contains(\"[2x2]:(2.0, -6.0, 6.0, 12.0)\")"]},
        {"kind":"when","text":"","code":["t[indices] = 0d"]},
        {"kind":"then","text":"","code":["t.toString().contains(\"[2x2]:(2.0, -6.0, 6.0, 0.0)\")"]},
        {"kind":"when","text":"","code":["t[2] = 99d"]},
        {"kind":"then","text":"","code":["t.toString().contains(\"[2x2]:(2.0, -6.0, 99.0, 0.0)\")"]},
        {"kind":"when","text":"","code":["t[2].minusAssign(99d)"]},
        {"kind":"then","text":"","code":["t.toString().contains(\"[2x2]:(2.0, -6.0, 0.0, 0.0)\")"]},
        {"kind":"when","text":"Modifying the first index of the indices array...","code":["indices[0] = 0"]},
        {"kind":"and","text":"Using this new indices array for IO...","code":["t[indices].minusAssign(-9d)"]},
        {"kind":"then","text":"The underlying data will have changed.","code":["t.toString().contains(\"[2x2]:(2.0, 3.0, 0.0, 0.0)\")"]},
        {"kind":"when","text":"","code":["t -= Tsr.of([2, 2], [1d, 2d, 3d, 4d])"]},
        {"kind":"then","text":"","code":["t.toString().contains(\"[2x2]:(1.0, 1.0, -3.0, -4.0)\")"]}
      ],
      "problems":"[]"
    },
  
    {
      "id":"The tensor data array can be modified by targeting them with an index.",
      "result":"PASS",
      "duration":"0.015 seconds",
      "iterations":{
      "tags":{},"see":[],"extraInfo":[]
      },
      "blocks":[
        {"kind":"given","text":"","code":["var t = Tsr.of(type).withShape(shape).andFill(data)"]},
        {"kind":"when","text":"","code":["t.unsafe.setDataAt( 1, element )"]},
        {"kind":"then","text":"","code":["t.getDataAt( 1 ) == element"]},
        {"kind":"and","text":"","code":["t.unsafe.data == expected","t.data == expected"]},
        {"kind":"when","text":"","code":["t = Tsr.of(type).withShape(shape).andFill(data)"]},
        {"kind":"and","text":"","code":["t.setItemAt( 1, element )"]},
        {"kind":"then","text":"","code":["t.getItemAt( 1 ) == element"]},
        {"kind":"and","text":"","code":["t.unsafe.data == expected","t.data == expected"]},
        {"kind":"where","text":"","code":[""]}
      ],
      "problems":"[]"
    },
  
    {
      "id":"Adding OpenCL device to tensor makes tensor be \"outsourced\" and contain the Device instance as component.",
      "result":"PASS",
      "duration":"0.016 seconds",
      "iterations":{
      "tags":{},"see":[],"extraInfo":[]
      },
      "blocks":[
        {"kind":"given","text":"Neureka can access OpenCL (JOCL).","code":[""]},
        {"kind":"expect","text":"The following is to be expected with respect to the given :","code":[""]},
        {"kind":"when","text":"The tensor is being added to the OpenCL device...","code":[""]},
        {"kind":"then","text":"The now \"outsourced\" tensor has a reference to the device and vice versa!","code":[""]}
      ],
      "problems":"[]"
    }
  
  ],
  "generator":"https://github.com/renatoathaydes/spock-reports"
}