{
  "className":"ut.tensors.Fluent_Tensor_Creation_Spec",
  "statistics":{
    "runs":"7",
    "successRate":"100.0%",
    "failures":"0",
    "errors":"0",
    "skipped":"0",
    "duration":"0.283 seconds"
  },

  "title":"",
  "narrative":"",
  "headers":[],"tags":{},"see":[],
  "features":[ 
    {
      "id":"Tensors can be created fluently.",
      "result":"PASS",
      "duration":"0.028 seconds",
      "iterations":{
      "tags":{},"see":[],"extraInfo":[]
      },
      "blocks":[
        {"kind":"given","text":"We create a new homogeneously filled Tsr instance using the fluent builder API.","code":["Tsr<?> t = Tsr.of( type )",".withShape( 3, 2 )",".all( value )"]},
        {"kind":"expect","text":"This new instance will have the expected data type...","code":["t.dataType == DataType.of(type)"]},
        {"kind":"and","text":"...also it will contain the expected data.","code":["t.unsafe.data == data","t.data.length == 1","t.items.length == 6"]},
        {"kind":"and","text":"The tensor will have the shape we passed to the builder.","code":["t.shape() == [3, 2]"]},
        {"kind":"and","text":"The size of the tensor will be the product of all shape entries!","code":["t.size() == 6"]},
        {"kind":"and","text":"\n                Based on the fact that the tensor is homogeneously filled it will be a \"virtual tensor\"\n                This means that the tensor will not have allocated the memory proportional to the size\n                of the tensor!\n            ","code":["t.isVirtual()"]},
        {"kind":"where","text":"The following data is being used to populate the builder API:","code":[""]}
      ],
      "problems":"[]"
    },
  
    {
      "id":"Range based tensors can be created fluently.",
      "result":"PASS",
      "duration":"0.027 seconds",
      "iterations":{
      "tags":{},"see":[],"extraInfo":[]
      },
      "blocks":[
        {"kind":"given","text":"We create a range based Tsr instance using the fluent builder API.","code":["Tsr<?> t = Tsr.of( type )",".withShape( 3, 2 )",".andFillFrom( from ).to( to ).step( step )"]},
        {"kind":"expect","text":"This new instance will have the expected data type...","code":["t.dataType == DataType.of(type)"]},
        {"kind":"and","text":"...also it will contain the expected data.","code":["t.unsafe.data == data","t.data == data"]},
        {"kind":"and","text":"The tensor will have the shape we passed to the builder.","code":["t.shape() == [3, 2]"]},
        {"kind":"and","text":"The size of the tensor will be the product of all shape entries!","code":["t.size() == 6"]},
        {"kind":"and","text":"\n                Based on the fact that the tensor is not homogeneously filled it will be an \"actual tensor\".\n                The opposite of that, a \"virtual tensor\", would mean that a tensor does not have allocated \n                memory proportional to the size of the tensor! \n                In this case however the tensor should be actual which means that it is not virtual.\n            ","code":["!t.isVirtual()"]},
        {"kind":"where","text":"The following data is being used to populate the builder API:","code":[""]}
      ],
      "problems":"[]"
    },
  
    {
      "id":"Value based tensors can be created fluently.",
      "result":"PASS",
      "duration":"0.010 seconds",
      "iterations":{
      "tags":{},"see":[],"extraInfo":[]
      },
      "blocks":[
        {"kind":"given","text":"We create a Tsr instance by passing an array of arguments which ought to iteratively fill the instance.","code":["Tsr<?> t = Tsr.of( type )",".withShape( 3, 2 )",".andFill( data )"]},
        {"kind":"expect","text":"This new instance will have the expected data type...","code":["t.dataType == DataType.of(type)"]},
        {"kind":"and","text":"...also it will contain the expected data.","code":["t.unsafe.data == expected","t.data == expected"]},
        {"kind":"and","text":"The tensor will have the shape we passed to the builder.","code":["t.shape() == [3, 2]"]},
        {"kind":"and","text":"The size of the tensor will be the product of all shape entries!","code":["t.size() == 6"]},
        {"kind":"and","text":"\n                Based on the fact that the tensor is not homogeneously filled it will be an \"actual tensor\".\n                The opposite of that, a \"virtual tensor\", would mean that a tensor does not have allocated \n                memory proportional to the size of the tensor! \n                In this case however the tensor should be actual which means that it is not virtual.\n            ","code":["!t.isVirtual()"]},
        {"kind":"where","text":"The following data is being used to populate the builder API:","code":[""]}
      ],
      "problems":"[]"
    },
  
    {
      "id":"Seed based tensors can be created fluently.",
      "result":"PASS",
      "duration":"0.019 seconds",
      "iterations":{
      "tags":{},"see":[],"extraInfo":[]
      },
      "blocks":[
        {"kind":"given","text":"We create a Tsr instance by passing an array of arguments which ought to be populated based on a seed.","code":["Tsr<?> t = Tsr.of( type )",".withShape( 3, 2 )",".andSeed( seed )"]},
        {"kind":"expect","text":"This new instance will have the expected data type...","code":["t.dataType == DataType.of(type)"]},
        {"kind":"and","text":"...also it will contain the expected data.","code":["t.unsafe.data == expected","t.data == expected"]},
        {"kind":"and","text":"The tensor will have the shape we passed to the builder.","code":["t.shape() == [3, 2]"]},
        {"kind":"and","text":"The size of the tensor will be the product of all shape entries!","code":["t.size() == 6"]},
        {"kind":"and","text":"","code":["t.toString().startsWith(\"(3x2):\")"]},
        {"kind":"and","text":"\n                Based on the fact that the tensor is not homogeneously filled it will be an \"actual tensor\".\n                The opposite of that, a \"virtual tensor\", would mean that a tensor does not have allocated \n                memory proportional to the size of the tensor! \n                In this case however the tensor should be actual which means that it is not virtual.\n            ","code":["!t.isVirtual()"]},
        {"kind":"where","text":"The following data is being used to populate the builder API:","code":[""]}
      ],
      "problems":"[]"
    },
  
    {
      "id":"Initialization lambda based tensors can be created fluently.",
      "result":"PASS",
      "duration":"0.013 seconds",
      "iterations":{
      "tags":{},"see":[],"extraInfo":[]
      },
      "blocks":[
        {"kind":"given","text":"We create a Tsr instance by passing an initialization lambda which ought to iteratively fill the instance.","code":["Tsr<?> t = Tsr.of( type )",".withShape( 3, 2 )",".andWhere( initializer )"]},
        {"kind":"expect","text":"This new instance will have the expected data type...","code":["t.dataType == DataType.of(type)"]},
        {"kind":"and","text":"...also it will contain the expected data.","code":["t.unsafe.data == expected","t.data == expected"]},
        {"kind":"and","text":"The tensor will have the shape we passed to the builder.","code":["t.shape() == [3, 2]"]},
        {"kind":"and","text":"The size of the tensor will be the product of all shape entries!","code":["t.size() == 6"]},
        {"kind":"and","text":"\n                Based on the fact that the tensor is not homogeneously filled it will be an \"actual tensor\".\n                The opposite of that, a \"virtual tensor\", would mean that a tensor does not have allocated \n                memory proportional to the size of the tensor! \n                In this case however the tensor should be actual which means that it is not virtual.\n            ","code":["!t.isVirtual()"]},
        {"kind":"where","text":"The following data is being used to populate the builder API:","code":[""]}
      ],
      "problems":"[]"
    },
  
    {
      "id":"Vectors can be created fluently.",
      "result":"PASS",
      "duration":"0.002 seconds",
      "iterations":{
      "tags":{},"see":[],"extraInfo":[]
      },
      "blocks":[
        {"kind":"given","text":"We create a new Tsr instance using the \"vector\" method in the fluent builder API.","code":["Tsr<?> t = Tsr.of( type ).vector( values )"]},
        {"kind":"expect","text":"This new instance will have the expected data type...","code":["t.dataType == DataType.of(type)"]},
        {"kind":"and","text":"...also it will contain the expected data.","code":["t.unsafe.data == data","t.data == data"]},
        {"kind":"and","text":"The tensor will have a one dimensional shape of the same length as the provided data array.","code":["t.shape() == [values.length]"]},
        {"kind":"and","text":"The size of the tensor will also be as long as the data array!","code":["t.size() == values.length"]},
        {"kind":"and","text":"\n                Based on the fact that the tensor is not homogeneously filled it will be an \"actual tensor\".\n                The opposite of that, a \"virtual tensor\", would mean that a tensor does not have allocated \n                memory proportional to the size of the tensor! \n                In this case however the tensor should be actual which means that it is not virtual.\n            ","code":["!t.isVirtual()"]},
        {"kind":"where","text":"The following data is being used to populate the builder API:","code":[""]}
      ],
      "problems":"[]"
    },
  
    {
      "id":"Scalars can be created fluently.",
      "result":"PASS",
      "duration":"0.002 seconds",
      "iterations":{
      "tags":{},"see":[],"extraInfo":[]
      },
      "blocks":[
        {"kind":"given","text":"We create a new Tsr instance using the \"scalar\" method in the fluent builder API.","code":["Tsr<?> t = Tsr.of( type ).scalar( value )"]},
        {"kind":"expect","text":"This new instance will have the expected data type...","code":["t.dataType == DataType.of(type)"]},
        {"kind":"and","text":"...also it will contain the expected data.","code":["t.unsafe.data == data","t.data == data"]},
        {"kind":"and","text":"The tensor will have a one dimensional shape of 1.","code":["t.shape() == [1]"]},
        {"kind":"and","text":"The size of the tensor will also 1!","code":["t.size() == 1"]},
        {"kind":"where","text":"The following data is being used to populate the builder API:","code":[""]}
      ],
      "problems":"[]"
    }
  
  ],
  "generator":"https://github.com/renatoathaydes/spock-reports"
}