{
  "className":"ut.utility.ListReader_Exception_Spec",
  "statistics":{
    "runs":"2",
    "successRate":"100.0%",
    "failures":"0",
    "errors":"0",
    "skipped":"0",
    "duration":"0.010 seconds"
  },

  "title":"",
  "narrative":"",
  "headers":[],"tags":{},"see":[],
  "features":[ 
    {
      "id":"The ListReader will detect inconsistent types in the provided data.",
      "result":"PASS",
      "duration":"0.006 seconds",
      "iterations":{
      "tags":{},"see":[],"extraInfo":[]
      },
      "blocks":[
        {"kind":"given","text":"We have a nested list whose structure resembles a matrix!","code":["var data = [","    [1,  2,  3],","    [4, \"5\", 6]","]"]},
        {"kind":"when","text":"We use the reader to internally fill 2 lists representing shape and data...","code":["var result = ListReader.read(data, (o)->o)"]},
        {"kind":"then","text":"However this leads to an exception because of type incoherence!","code":["def exception = thrown(IllegalArgumentException)","exception.message == \"Type inconsistency encountered. Not all leave elements are of the same type!\\n\" +","\"Expected type 'Integer', but encountered 'String'.\""]}
      ],
      "problems":"[]"
    },
  
    {
      "id":"The ListReader will detect inconsistent degrees of nesting in the provided data.",
      "result":"PASS",
      "duration":"0.001 seconds",
      "iterations":{
      "tags":{},"see":[],"extraInfo":[]
      },
      "blocks":[
        {"kind":"given","text":"We have a nested list whose structure resembles a matrix!","code":["var data = [","    [1,  2,  3],","    [4, 5, 6, 7]","]"]},
        {"kind":"when","text":"We use the reader to internally fill 2 lists representing shape and data...","code":["var result = ListReader.read(data, (o)->o)"]},
        {"kind":"then","text":"","code":["def exception = thrown(IllegalArgumentException)","exception.message == \"Size inconsistency encountered at nest level '0'. Not all nested lists are equally sized.\\n\" +","\"Expected size '3', but encountered '4'.\""]}
      ],
      "problems":"[]"
    }
  
  ],
  "generator":"https://github.com/renatoathaydes/spock-reports"
}