{
  "className":"ut.utility.ListReader_Spec",
  "statistics":{
    "runs":"3",
    "successRate":"100.0%",
    "failures":"0",
    "errors":"0",
    "skipped":"0",
    "duration":"0.031 seconds"
  },

  "title":"The Internal ListReader turning lists into flat arrays with shape and type data",
  "narrative":"This specification covers an internal class which should not be used\n    outside this library, namely the ListReader class.\n    This class is simply a converter which turns nested lists\n    into flat arrays alongside the type of the elements and the shape of this \"tensor\".",
  "headers":[],"tags":{},"see":[],
  "features":[ 
    {
      "id":"The ListReader can interpret nested lists resembling a matrix into a shape list and value list.",
      "result":"PASS",
      "duration":"0.010 seconds",
      "iterations":{
      "tags":{},"see":[],"extraInfo":[]
      },
      "blocks":[
        {"kind":"given","text":"We have a nested list whose structure resembles a matrix!","code":["var data = [","        [1, 2, 3],","        [4, 5, 6]","]"]},
        {"kind":"when","text":"We use the reader to internally fill 2 lists representing shape and data...","code":["var result = ListReader.read(data, (o)->o)"]},
        {"kind":"then","text":"The shape list will have the shape of the \"matrix\".","code":["result.shape == [2, 3]"]},
        {"kind":"and","text":"The flattened data is as expected!","code":["result.data == [1, 2, 3, 4, 5, 6]"]}
      ],
      "problems":"[]"
    },
  
    {
      "id":"The ListReader can interpret nested lists resembling a 3D tensor into a shape list and value list.",
      "result":"PASS",
      "duration":"0.003 seconds",
      "iterations":{
      "tags":{},"see":[],"extraInfo":[]
      },
      "blocks":[
        {"kind":"given","text":"We have a nested list whose structure resembles a matrix!","code":["def data = [","    [","            [1, 2, 3, 0],","            [4, 5, 6, -1]","    ], [","            [1, 2, 3, -2],","            [4, 5, 6, -3]","    ]","]"]},
        {"kind":"when","text":"We use the reader to internally fill 2 lists representing shape and data...","code":["var result = ListReader.read(data, (o)->o)"]},
        {"kind":"then","text":"The shape list will have the shape of the \"tensor\".","code":["result.shape == [2, 2, 4]"]},
        {"kind":"and","text":"The flattened data is as expected!","code":["result.data == [1, 2, 3, 0, 4, 5, 6, -1, 1, 2, 3, -2, 4, 5, 6, -3]"]}
      ],
      "problems":"[]"
    },
  
    {
      "id":"The ListReader can interpret nested lists into a shape list and value list.",
      "result":"PASS",
      "duration":"0.002 seconds",
      "iterations":{
      "tags":{},"see":[],"extraInfo":[]
      },
      "blocks":[
        {"kind":"when","text":"We use the reader to internally fill 2 lists representing shape and data...","code":["var result = ListReader.read(data, (o)->o)"]},
        {"kind":"then","text":"The shape list will have the shape of the \"matrix\".","code":["result.shape == expectedShape"]},
        {"kind":"and","text":"The flattened data is as expected!","code":["result.data == expectedData"]},
        {"kind":"where","text":"","code":[""]}
      ],
      "problems":"[]"
    }
  
  ],
  "generator":"https://github.com/Gleethos/neureka/blob/master/src/test/resources/templates/spec-template.json"
}