{
  "className":"Example_Spec.Example_Spec",
  "statistics":{
    "runs":"5",
    "successRate":"100.0%",
    "failures":"0",
    "errors":"0",
    "skipped":"0",
    "duration":"0.055 seconds"
  },

  "title":"An Introduction to writing Spock Specifications",
  "narrative":"Hello and welcome to the example / template specification of this project. This is a simple introduction as to how to get started writing Spock specifications. Spock works on top of Groovy which is in essence a syntactic super-set of Java. That means that one can write Java code in Groovy, and 99% of the time it will work the exact same way.",
  "headers":[],"tags":{},"see":[],
  "features":[ 
    {
      "id":"iAmNotSoReadable",
      "result":"PASS",
      "duration":"0.006 seconds",
      "iterations":{
      "tags":{},"see":[],"extraInfo":[]
      },
      "blocks":[
        {"kind":"expect","text":"----","code":[]}
      ],
      "problems":"[]"
    },
  
    {
      "id":"I am readable and also best practice!",
      "result":"PASS",
      "duration":"0",
      "iterations":{
      "tags":{},"see":[],"extraInfo":[]
      },
      "blocks":[
        {"kind":"expect","text":"----","code":[]}
      ],
      "problems":"[]"
    },
  
    {
      "id":"Call me feature not unit test!",
      "result":"PASS",
      "duration":"0",
      "iterations":{
      "tags":{},"see":[],"extraInfo":[]
      },
      "blocks":[
        {"kind":"expect","text":"----","code":[]}
      ],
      "problems":"[]"
    },
  
    {
      "id":"Should be able to remove from list",
      "result":"PASS",
      "duration":"0.005 seconds",
      "iterations":{
      "tags":{},"see":[],"extraInfo":[]
      },
      "blocks":[
        {"kind":"given","text":"We have a simple list!","code":[]},
        {"kind":"when","text":"We remove the first item...","code":[]},
        {"kind":"then","text":"...the following should happen:","code":[]}
      ],
      "problems":"[]"
    },
  
    {
      "id":"Numbers to the power of two with a fancy data table!",
      "result":"PASS",
      "duration":"0.001 seconds",
      "iterations":{
      "tags":{},"see":[],"extraInfo":[]
      },
      "blocks":[
        {"kind":"expect","text":"Math works!","code":[]},
        {"kind":"where","text":"We use the following data:","code":[]}
      ],
      "problems":"[]"
    }
  
  ],
  "generator":"https://github.com/renatoathaydes/spock-reports"
}