{
  "className":"ut.autograd.Autograd_Flags_Explained",
  "statistics":{
    "runs":"9",
    "successRate":"100.0%",
    "failures":"0",
    "errors":"0",
    "skipped":"0",
    "duration":"0.086 seconds"
  },

  "title":"",
  "narrative":"",
  "headers":["<b> Autograd Advanced - Custom Autograd </b> <br> <br> Neureka does not necessarily perform autograd eagerly. <br> If required then auto-differentiation will occur as one would expect <br> similarly to the way PyTorch's autograd works. <br> However for many use cases it might make sense to use different variants <br> of auto-differentiation. <br> This specification covers precisely these different autograd modes. <br> <br>"],"tags":{},"see":[],
  "features":[ 
    {
      "id":"Advanced backpropagation on all AD-Modes  [code: y*y*3, whenRsd: false, whenUse: false, doJIT: false, afterBack: .*1.*4\\.5.*, afterUse: .*1.*4\\.5.*, afterRqd: .*1.*4\\.5.*, afterAll: .*1.*4\\.5.*, #0]",
      "result":"PASS",
      "duration":"0.014 seconds",
      "iterations":{
      "tags":{},"see":[],"extraInfo":["What is JIT-Prop and how does it affect autograd ? <b> Let's take a look ! </b> <br> This run covers the feature having the following settings : <br> <br> <b> Neureka.instance().settings().autograd().: </b> <br> isRetainingPendingErrorForJITProp := false <br> isApplyingGradientWhenTensorIsUsed := false <br> isApplyingGradientWhenRequested := false <br> <br> ...code producing the result : 'y*y*3' <br> <br> <b> is-Retaining-Pending-Error-For-JITProp : </b> <br> <br> This flag enables an optimization technique which only propagates error values to <br> gradients if needed by a tensor (the tensor is used again) and otherwise accumulate them <br> at divergent differentiation paths within the computation graph. <br> If the flag is set to true <br> then error values will accumulate at such junction nodes. <br> This technique however uses more memory but will <br> improve performance for some networks substantially. <br> The technique is termed JIT-Propagation. <br> <br> <br> <b> is-Applying-Gradient-When-Tensor-Is-Used : </b> <br> <br> Gradients will automatically be applied (or JITed) to tensors as soon as <br> they are being used for calculation (GraphNode instantiation). <br> This feature works well with JIT-Propagation. <br> <br> <br> <b> is-Applying-Gradient-When-Requested : </b> <br> <br> Gradients will only be applied if requested. <br> Usually this happens immediately, however <br> if the flag 'applyGradientWhenTensorIsUsed' is set <br> to true, then the tensor will only be updated by its <br> gradient if requested AND the tensor is used fo calculation! (GraphNode instantiation). <br> <br> <b> Let's take a look : </b>"]
      },
      "blocks":[
        {"kind":"given","text":"We configure Neureka autograd:","code":["Neureka.get().settings().autograd().isApplyingGradientWhenRequested = whenRsd","Neureka.get().settings().autograd().isApplyingGradientWhenTensorIsUsed = whenUse","Neureka.get().settings().autograd().isRetainingPendingErrorForJITProp = doJIT"]},
        {"kind":"and","text":"","code":["def x = Tsr.of([2, 2], 1d).setRqsGradient(true)","def y = x + 2","Binding binding = new Binding()","binding.setVariable('x', x)","binding.setVariable('y', y)"]},
        {"kind":"when","text":"The code snippet is being execute...","code":["Tsr z = new GroovyShell(binding).evaluate((code))"]},
        {"kind":"then","text":"As expected, this new tensor contains four times 27 :","code":["z.toString().contains(\"(2x2):[27.0, 27.0, 27.0, 27.0]\")"]},
        {"kind":"when","text":"\n                We call the \"mean()\" method as a simple loss function!\n                This produces a scalar output tensor which is ideal as entrypoint\n                for the autograd algorithm.\n","code":["def result = z.mean()"]},
        {"kind":"then","text":"This \"result\" tensor will be the expected scalar :","code":["result.toString().contains(\"(1x1):[27.0]\")"]},
        {"kind":"when","text":"\n                We now try to backpropagate! Because \"result\" contains a single scalar,\n                result.backward() is equivalent to out.backward(Tsr.of(1)).\n","code":["z.backward(0.25)","def xAsStr = x.toString()"]},
        {"kind":"then","text":"The variable \"x\" contains every expected String :","code":["xAsStr.matches( afterBack )"]},
        {"kind":"when","text":"","code":["x * 2","xAsStr = x.toString()"]},
        {"kind":"then","text":"The variable \"x\" contains every expected String :","code":["xAsStr.matches( afterUse )"]},
        {"kind":"when","text":"","code":["x.setGradientApplyRequested( true )","xAsStr = x.toString()"]},
        {"kind":"then","text":"The variable \"x\" contains every expected String :","code":["xAsStr.matches( afterRqd )"]},
        {"kind":"when","text":"","code":["x * 2","xAsStr = x.toString()"]},
        {"kind":"then","text":"The variable \"x\" contains every expected String :","code":["xAsStr.matches( afterAll )"]},
        {"kind":"when","text":"It is time to free some memory because our history of computation has grown a bit...","code":["result.unsafe.detach()"]},
        {"kind":"then","text":"Our latest tensor will now longer have a strong reference to a soon to be garbage collected past !","code":["!result.has( GraphNode.class )"]},
        {"kind":"where","text":"","code":[]}
      ],
      "problems":"[]"
    },
  
    {
      "id":"Advanced backpropagation on all AD-Modes  [code: y*y*3, whenRsd: true, whenUse: false, doJIT: false, afterBack: .*1.*4\\.5.*, afterUse: .*1.*4\\.5.*, afterRqd: .*5\\.5.*null.*, afterAll: .*5\\.5.*null.*, #1]",
      "result":"PASS",
      "duration":"0.008 seconds",
      "iterations":{
      "tags":{},"see":[],"extraInfo":["What is JIT-Prop and how does it affect autograd ? <b> Let's take a look ! </b> <br> This run covers the feature having the following settings : <br> <br> <b> Neureka.instance().settings().autograd().: </b> <br> isRetainingPendingErrorForJITProp := false <br> isApplyingGradientWhenTensorIsUsed := false <br> isApplyingGradientWhenRequested := true <br> <br> ...code producing the result : 'y*y*3' <br> <br> <b> is-Retaining-Pending-Error-For-JITProp : </b> <br> <br> This flag enables an optimization technique which only propagates error values to <br> gradients if needed by a tensor (the tensor is used again) and otherwise accumulate them <br> at divergent differentiation paths within the computation graph. <br> If the flag is set to true <br> then error values will accumulate at such junction nodes. <br> This technique however uses more memory but will <br> improve performance for some networks substantially. <br> The technique is termed JIT-Propagation. <br> <br> <br> <b> is-Applying-Gradient-When-Tensor-Is-Used : </b> <br> <br> Gradients will automatically be applied (or JITed) to tensors as soon as <br> they are being used for calculation (GraphNode instantiation). <br> This feature works well with JIT-Propagation. <br> <br> <br> <b> is-Applying-Gradient-When-Requested : </b> <br> <br> Gradients will only be applied if requested. <br> Usually this happens immediately, however <br> if the flag 'applyGradientWhenTensorIsUsed' is set <br> to true, then the tensor will only be updated by its <br> gradient if requested AND the tensor is used fo calculation! (GraphNode instantiation). <br> <br> <b> Let's take a look : </b>"]
      },
      "blocks":[
        {"kind":"given","text":"We configure Neureka autograd:","code":["Neureka.get().settings().autograd().isApplyingGradientWhenRequested = whenRsd","Neureka.get().settings().autograd().isApplyingGradientWhenTensorIsUsed = whenUse","Neureka.get().settings().autograd().isRetainingPendingErrorForJITProp = doJIT"]},
        {"kind":"and","text":"","code":["def x = Tsr.of([2, 2], 1d).setRqsGradient(true)","def y = x + 2","Binding binding = new Binding()","binding.setVariable('x', x)","binding.setVariable('y', y)"]},
        {"kind":"when","text":"The code snippet is being execute...","code":["Tsr z = new GroovyShell(binding).evaluate((code))"]},
        {"kind":"then","text":"As expected, this new tensor contains four times 27 :","code":["z.toString().contains(\"(2x2):[27.0, 27.0, 27.0, 27.0]\")"]},
        {"kind":"when","text":"\n                We call the \"mean()\" method as a simple loss function!\n                This produces a scalar output tensor which is ideal as entrypoint\n                for the autograd algorithm.\n","code":["def result = z.mean()"]},
        {"kind":"then","text":"This \"result\" tensor will be the expected scalar :","code":["result.toString().contains(\"(1x1):[27.0]\")"]},
        {"kind":"when","text":"\n                We now try to backpropagate! Because \"result\" contains a single scalar,\n                result.backward() is equivalent to out.backward(Tsr.of(1)).\n","code":["z.backward(0.25)","def xAsStr = x.toString()"]},
        {"kind":"then","text":"The variable \"x\" contains every expected String :","code":["xAsStr.matches( afterBack )"]},
        {"kind":"when","text":"","code":["x * 2","xAsStr = x.toString()"]},
        {"kind":"then","text":"The variable \"x\" contains every expected String :","code":["xAsStr.matches( afterUse )"]},
        {"kind":"when","text":"","code":["x.setGradientApplyRequested( true )","xAsStr = x.toString()"]},
        {"kind":"then","text":"The variable \"x\" contains every expected String :","code":["xAsStr.matches( afterRqd )"]},
        {"kind":"when","text":"","code":["x * 2","xAsStr = x.toString()"]},
        {"kind":"then","text":"The variable \"x\" contains every expected String :","code":["xAsStr.matches( afterAll )"]},
        {"kind":"when","text":"It is time to free some memory because our history of computation has grown a bit...","code":["result.unsafe.detach()"]},
        {"kind":"then","text":"Our latest tensor will now longer have a strong reference to a soon to be garbage collected past !","code":["!result.has( GraphNode.class )"]},
        {"kind":"where","text":"","code":[]}
      ],
      "problems":"[]"
    },
  
    {
      "id":"Advanced backpropagation on all AD-Modes  [code: y*y*3, whenRsd: false, whenUse: true, doJIT: false, afterBack: .*1.*4\\.5.*, afterUse: .*5\\.5.*null.*, afterRqd: .*5\\.5.*null.*, afterAll: .*5\\.5.*null.*, #2]",
      "result":"PASS",
      "duration":"0.009 seconds",
      "iterations":{
      "tags":{},"see":[],"extraInfo":["What is JIT-Prop and how does it affect autograd ? <b> Let's take a look ! </b> <br> This run covers the feature having the following settings : <br> <br> <b> Neureka.instance().settings().autograd().: </b> <br> isRetainingPendingErrorForJITProp := false <br> isApplyingGradientWhenTensorIsUsed := true <br> isApplyingGradientWhenRequested := false <br> <br> ...code producing the result : 'y*y*3' <br> <br> <b> is-Retaining-Pending-Error-For-JITProp : </b> <br> <br> This flag enables an optimization technique which only propagates error values to <br> gradients if needed by a tensor (the tensor is used again) and otherwise accumulate them <br> at divergent differentiation paths within the computation graph. <br> If the flag is set to true <br> then error values will accumulate at such junction nodes. <br> This technique however uses more memory but will <br> improve performance for some networks substantially. <br> The technique is termed JIT-Propagation. <br> <br> <br> <b> is-Applying-Gradient-When-Tensor-Is-Used : </b> <br> <br> Gradients will automatically be applied (or JITed) to tensors as soon as <br> they are being used for calculation (GraphNode instantiation). <br> This feature works well with JIT-Propagation. <br> <br> <br> <b> is-Applying-Gradient-When-Requested : </b> <br> <br> Gradients will only be applied if requested. <br> Usually this happens immediately, however <br> if the flag 'applyGradientWhenTensorIsUsed' is set <br> to true, then the tensor will only be updated by its <br> gradient if requested AND the tensor is used fo calculation! (GraphNode instantiation). <br> <br> <b> Let's take a look : </b>"]
      },
      "blocks":[
        {"kind":"given","text":"We configure Neureka autograd:","code":["Neureka.get().settings().autograd().isApplyingGradientWhenRequested = whenRsd","Neureka.get().settings().autograd().isApplyingGradientWhenTensorIsUsed = whenUse","Neureka.get().settings().autograd().isRetainingPendingErrorForJITProp = doJIT"]},
        {"kind":"and","text":"","code":["def x = Tsr.of([2, 2], 1d).setRqsGradient(true)","def y = x + 2","Binding binding = new Binding()","binding.setVariable('x', x)","binding.setVariable('y', y)"]},
        {"kind":"when","text":"The code snippet is being execute...","code":["Tsr z = new GroovyShell(binding).evaluate((code))"]},
        {"kind":"then","text":"As expected, this new tensor contains four times 27 :","code":["z.toString().contains(\"(2x2):[27.0, 27.0, 27.0, 27.0]\")"]},
        {"kind":"when","text":"\n                We call the \"mean()\" method as a simple loss function!\n                This produces a scalar output tensor which is ideal as entrypoint\n                for the autograd algorithm.\n","code":["def result = z.mean()"]},
        {"kind":"then","text":"This \"result\" tensor will be the expected scalar :","code":["result.toString().contains(\"(1x1):[27.0]\")"]},
        {"kind":"when","text":"\n                We now try to backpropagate! Because \"result\" contains a single scalar,\n                result.backward() is equivalent to out.backward(Tsr.of(1)).\n","code":["z.backward(0.25)","def xAsStr = x.toString()"]},
        {"kind":"then","text":"The variable \"x\" contains every expected String :","code":["xAsStr.matches( afterBack )"]},
        {"kind":"when","text":"","code":["x * 2","xAsStr = x.toString()"]},
        {"kind":"then","text":"The variable \"x\" contains every expected String :","code":["xAsStr.matches( afterUse )"]},
        {"kind":"when","text":"","code":["x.setGradientApplyRequested( true )","xAsStr = x.toString()"]},
        {"kind":"then","text":"The variable \"x\" contains every expected String :","code":["xAsStr.matches( afterRqd )"]},
        {"kind":"when","text":"","code":["x * 2","xAsStr = x.toString()"]},
        {"kind":"then","text":"The variable \"x\" contains every expected String :","code":["xAsStr.matches( afterAll )"]},
        {"kind":"when","text":"It is time to free some memory because our history of computation has grown a bit...","code":["result.unsafe.detach()"]},
        {"kind":"then","text":"Our latest tensor will now longer have a strong reference to a soon to be garbage collected past !","code":["!result.has( GraphNode.class )"]},
        {"kind":"where","text":"","code":[]}
      ],
      "problems":"[]"
    },
  
    {
      "id":"Advanced backpropagation on all AD-Modes  [code: y*y*3, whenRsd: true, whenUse: true, doJIT: false, afterBack: .*1.*4\\.5.*, afterUse: .*1.*4\\.5.*, afterRqd: .*1.*4\\.5.*, afterAll: .*5\\.5.*null.*, #3]",
      "result":"PASS",
      "duration":"0.008 seconds",
      "iterations":{
      "tags":{},"see":[],"extraInfo":["What is JIT-Prop and how does it affect autograd ? <b> Let's take a look ! </b> <br> This run covers the feature having the following settings : <br> <br> <b> Neureka.instance().settings().autograd().: </b> <br> isRetainingPendingErrorForJITProp := false <br> isApplyingGradientWhenTensorIsUsed := true <br> isApplyingGradientWhenRequested := true <br> <br> ...code producing the result : 'y*y*3' <br> <br> <b> is-Retaining-Pending-Error-For-JITProp : </b> <br> <br> This flag enables an optimization technique which only propagates error values to <br> gradients if needed by a tensor (the tensor is used again) and otherwise accumulate them <br> at divergent differentiation paths within the computation graph. <br> If the flag is set to true <br> then error values will accumulate at such junction nodes. <br> This technique however uses more memory but will <br> improve performance for some networks substantially. <br> The technique is termed JIT-Propagation. <br> <br> <br> <b> is-Applying-Gradient-When-Tensor-Is-Used : </b> <br> <br> Gradients will automatically be applied (or JITed) to tensors as soon as <br> they are being used for calculation (GraphNode instantiation). <br> This feature works well with JIT-Propagation. <br> <br> <br> <b> is-Applying-Gradient-When-Requested : </b> <br> <br> Gradients will only be applied if requested. <br> Usually this happens immediately, however <br> if the flag 'applyGradientWhenTensorIsUsed' is set <br> to true, then the tensor will only be updated by its <br> gradient if requested AND the tensor is used fo calculation! (GraphNode instantiation). <br> <br> <b> Let's take a look : </b>"]
      },
      "blocks":[
        {"kind":"given","text":"We configure Neureka autograd:","code":["Neureka.get().settings().autograd().isApplyingGradientWhenRequested = whenRsd","Neureka.get().settings().autograd().isApplyingGradientWhenTensorIsUsed = whenUse","Neureka.get().settings().autograd().isRetainingPendingErrorForJITProp = doJIT"]},
        {"kind":"and","text":"","code":["def x = Tsr.of([2, 2], 1d).setRqsGradient(true)","def y = x + 2","Binding binding = new Binding()","binding.setVariable('x', x)","binding.setVariable('y', y)"]},
        {"kind":"when","text":"The code snippet is being execute...","code":["Tsr z = new GroovyShell(binding).evaluate((code))"]},
        {"kind":"then","text":"As expected, this new tensor contains four times 27 :","code":["z.toString().contains(\"(2x2):[27.0, 27.0, 27.0, 27.0]\")"]},
        {"kind":"when","text":"\n                We call the \"mean()\" method as a simple loss function!\n                This produces a scalar output tensor which is ideal as entrypoint\n                for the autograd algorithm.\n","code":["def result = z.mean()"]},
        {"kind":"then","text":"This \"result\" tensor will be the expected scalar :","code":["result.toString().contains(\"(1x1):[27.0]\")"]},
        {"kind":"when","text":"\n                We now try to backpropagate! Because \"result\" contains a single scalar,\n                result.backward() is equivalent to out.backward(Tsr.of(1)).\n","code":["z.backward(0.25)","def xAsStr = x.toString()"]},
        {"kind":"then","text":"The variable \"x\" contains every expected String :","code":["xAsStr.matches( afterBack )"]},
        {"kind":"when","text":"","code":["x * 2","xAsStr = x.toString()"]},
        {"kind":"then","text":"The variable \"x\" contains every expected String :","code":["xAsStr.matches( afterUse )"]},
        {"kind":"when","text":"","code":["x.setGradientApplyRequested( true )","xAsStr = x.toString()"]},
        {"kind":"then","text":"The variable \"x\" contains every expected String :","code":["xAsStr.matches( afterRqd )"]},
        {"kind":"when","text":"","code":["x * 2","xAsStr = x.toString()"]},
        {"kind":"then","text":"The variable \"x\" contains every expected String :","code":["xAsStr.matches( afterAll )"]},
        {"kind":"when","text":"It is time to free some memory because our history of computation has grown a bit...","code":["result.unsafe.detach()"]},
        {"kind":"then","text":"Our latest tensor will now longer have a strong reference to a soon to be garbage collected past !","code":["!result.has( GraphNode.class )"]},
        {"kind":"where","text":"","code":[]}
      ],
      "problems":"[]"
    },
  
    {
      "id":"Advanced backpropagation on all AD-Modes  [code: y*y*3, whenRsd: false, whenUse: false, doJIT: true, afterBack: .*1.*null.*, afterUse: .*1.*null.*, afterRqd: .*1.*null.*, afterAll: .*1.*null.*, #4]",
      "result":"PASS",
      "duration":"0.008 seconds",
      "iterations":{
      "tags":{},"see":[],"extraInfo":["What is JIT-Prop and how does it affect autograd ? <b> Let's take a look ! </b> <br> This run covers the feature having the following settings : <br> <br> <b> Neureka.instance().settings().autograd().: </b> <br> isRetainingPendingErrorForJITProp := true <br> isApplyingGradientWhenTensorIsUsed := false <br> isApplyingGradientWhenRequested := false <br> <br> ...code producing the result : 'y*y*3' <br> <br> <b> is-Retaining-Pending-Error-For-JITProp : </b> <br> <br> This flag enables an optimization technique which only propagates error values to <br> gradients if needed by a tensor (the tensor is used again) and otherwise accumulate them <br> at divergent differentiation paths within the computation graph. <br> If the flag is set to true <br> then error values will accumulate at such junction nodes. <br> This technique however uses more memory but will <br> improve performance for some networks substantially. <br> The technique is termed JIT-Propagation. <br> <br> <br> <b> is-Applying-Gradient-When-Tensor-Is-Used : </b> <br> <br> Gradients will automatically be applied (or JITed) to tensors as soon as <br> they are being used for calculation (GraphNode instantiation). <br> This feature works well with JIT-Propagation. <br> <br> <br> <b> is-Applying-Gradient-When-Requested : </b> <br> <br> Gradients will only be applied if requested. <br> Usually this happens immediately, however <br> if the flag 'applyGradientWhenTensorIsUsed' is set <br> to true, then the tensor will only be updated by its <br> gradient if requested AND the tensor is used fo calculation! (GraphNode instantiation). <br> <br> <b> Let's take a look : </b>"]
      },
      "blocks":[
        {"kind":"given","text":"We configure Neureka autograd:","code":["Neureka.get().settings().autograd().isApplyingGradientWhenRequested = whenRsd","Neureka.get().settings().autograd().isApplyingGradientWhenTensorIsUsed = whenUse","Neureka.get().settings().autograd().isRetainingPendingErrorForJITProp = doJIT"]},
        {"kind":"and","text":"","code":["def x = Tsr.of([2, 2], 1d).setRqsGradient(true)","def y = x + 2","Binding binding = new Binding()","binding.setVariable('x', x)","binding.setVariable('y', y)"]},
        {"kind":"when","text":"The code snippet is being execute...","code":["Tsr z = new GroovyShell(binding).evaluate((code))"]},
        {"kind":"then","text":"As expected, this new tensor contains four times 27 :","code":["z.toString().contains(\"(2x2):[27.0, 27.0, 27.0, 27.0]\")"]},
        {"kind":"when","text":"\n                We call the \"mean()\" method as a simple loss function!\n                This produces a scalar output tensor which is ideal as entrypoint\n                for the autograd algorithm.\n","code":["def result = z.mean()"]},
        {"kind":"then","text":"This \"result\" tensor will be the expected scalar :","code":["result.toString().contains(\"(1x1):[27.0]\")"]},
        {"kind":"when","text":"\n                We now try to backpropagate! Because \"result\" contains a single scalar,\n                result.backward() is equivalent to out.backward(Tsr.of(1)).\n","code":["z.backward(0.25)","def xAsStr = x.toString()"]},
        {"kind":"then","text":"The variable \"x\" contains every expected String :","code":["xAsStr.matches( afterBack )"]},
        {"kind":"when","text":"","code":["x * 2","xAsStr = x.toString()"]},
        {"kind":"then","text":"The variable \"x\" contains every expected String :","code":["xAsStr.matches( afterUse )"]},
        {"kind":"when","text":"","code":["x.setGradientApplyRequested( true )","xAsStr = x.toString()"]},
        {"kind":"then","text":"The variable \"x\" contains every expected String :","code":["xAsStr.matches( afterRqd )"]},
        {"kind":"when","text":"","code":["x * 2","xAsStr = x.toString()"]},
        {"kind":"then","text":"The variable \"x\" contains every expected String :","code":["xAsStr.matches( afterAll )"]},
        {"kind":"when","text":"It is time to free some memory because our history of computation has grown a bit...","code":["result.unsafe.detach()"]},
        {"kind":"then","text":"Our latest tensor will now longer have a strong reference to a soon to be garbage collected past !","code":["!result.has( GraphNode.class )"]},
        {"kind":"where","text":"","code":[]}
      ],
      "problems":"[]"
    },
  
    {
      "id":"Advanced backpropagation on all AD-Modes  [code: y*y*3, whenRsd: true, whenUse: false, doJIT: true, afterBack: .*1.*null.*, afterUse: .*1.*null.*, afterRqd: .*5\\.5.*null.*, afterAll: .*5\\.5.*null.*, #5]",
      "result":"PASS",
      "duration":"0.009 seconds",
      "iterations":{
      "tags":{},"see":[],"extraInfo":["What is JIT-Prop and how does it affect autograd ? <b> Let's take a look ! </b> <br> This run covers the feature having the following settings : <br> <br> <b> Neureka.instance().settings().autograd().: </b> <br> isRetainingPendingErrorForJITProp := true <br> isApplyingGradientWhenTensorIsUsed := false <br> isApplyingGradientWhenRequested := true <br> <br> ...code producing the result : 'y*y*3' <br> <br> <b> is-Retaining-Pending-Error-For-JITProp : </b> <br> <br> This flag enables an optimization technique which only propagates error values to <br> gradients if needed by a tensor (the tensor is used again) and otherwise accumulate them <br> at divergent differentiation paths within the computation graph. <br> If the flag is set to true <br> then error values will accumulate at such junction nodes. <br> This technique however uses more memory but will <br> improve performance for some networks substantially. <br> The technique is termed JIT-Propagation. <br> <br> <br> <b> is-Applying-Gradient-When-Tensor-Is-Used : </b> <br> <br> Gradients will automatically be applied (or JITed) to tensors as soon as <br> they are being used for calculation (GraphNode instantiation). <br> This feature works well with JIT-Propagation. <br> <br> <br> <b> is-Applying-Gradient-When-Requested : </b> <br> <br> Gradients will only be applied if requested. <br> Usually this happens immediately, however <br> if the flag 'applyGradientWhenTensorIsUsed' is set <br> to true, then the tensor will only be updated by its <br> gradient if requested AND the tensor is used fo calculation! (GraphNode instantiation). <br> <br> <b> Let's take a look : </b>"]
      },
      "blocks":[
        {"kind":"given","text":"We configure Neureka autograd:","code":["Neureka.get().settings().autograd().isApplyingGradientWhenRequested = whenRsd","Neureka.get().settings().autograd().isApplyingGradientWhenTensorIsUsed = whenUse","Neureka.get().settings().autograd().isRetainingPendingErrorForJITProp = doJIT"]},
        {"kind":"and","text":"","code":["def x = Tsr.of([2, 2], 1d).setRqsGradient(true)","def y = x + 2","Binding binding = new Binding()","binding.setVariable('x', x)","binding.setVariable('y', y)"]},
        {"kind":"when","text":"The code snippet is being execute...","code":["Tsr z = new GroovyShell(binding).evaluate((code))"]},
        {"kind":"then","text":"As expected, this new tensor contains four times 27 :","code":["z.toString().contains(\"(2x2):[27.0, 27.0, 27.0, 27.0]\")"]},
        {"kind":"when","text":"\n                We call the \"mean()\" method as a simple loss function!\n                This produces a scalar output tensor which is ideal as entrypoint\n                for the autograd algorithm.\n","code":["def result = z.mean()"]},
        {"kind":"then","text":"This \"result\" tensor will be the expected scalar :","code":["result.toString().contains(\"(1x1):[27.0]\")"]},
        {"kind":"when","text":"\n                We now try to backpropagate! Because \"result\" contains a single scalar,\n                result.backward() is equivalent to out.backward(Tsr.of(1)).\n","code":["z.backward(0.25)","def xAsStr = x.toString()"]},
        {"kind":"then","text":"The variable \"x\" contains every expected String :","code":["xAsStr.matches( afterBack )"]},
        {"kind":"when","text":"","code":["x * 2","xAsStr = x.toString()"]},
        {"kind":"then","text":"The variable \"x\" contains every expected String :","code":["xAsStr.matches( afterUse )"]},
        {"kind":"when","text":"","code":["x.setGradientApplyRequested( true )","xAsStr = x.toString()"]},
        {"kind":"then","text":"The variable \"x\" contains every expected String :","code":["xAsStr.matches( afterRqd )"]},
        {"kind":"when","text":"","code":["x * 2","xAsStr = x.toString()"]},
        {"kind":"then","text":"The variable \"x\" contains every expected String :","code":["xAsStr.matches( afterAll )"]},
        {"kind":"when","text":"It is time to free some memory because our history of computation has grown a bit...","code":["result.unsafe.detach()"]},
        {"kind":"then","text":"Our latest tensor will now longer have a strong reference to a soon to be garbage collected past !","code":["!result.has( GraphNode.class )"]},
        {"kind":"where","text":"","code":[]}
      ],
      "problems":"[]"
    },
  
    {
      "id":"Advanced backpropagation on all AD-Modes  [code: y*y*3, whenRsd: false, whenUse: true, doJIT: true, afterBack: .*1.*null.*, afterUse: .*5\\.5.*null.*, afterRqd: .*5\\.5.*null.*, afterAll: .*5\\.5.*null.*, #6]",
      "result":"PASS",
      "duration":"0.008 seconds",
      "iterations":{
      "tags":{},"see":[],"extraInfo":["What is JIT-Prop and how does it affect autograd ? <b> Let's take a look ! </b> <br> This run covers the feature having the following settings : <br> <br> <b> Neureka.instance().settings().autograd().: </b> <br> isRetainingPendingErrorForJITProp := true <br> isApplyingGradientWhenTensorIsUsed := true <br> isApplyingGradientWhenRequested := false <br> <br> ...code producing the result : 'y*y*3' <br> <br> <b> is-Retaining-Pending-Error-For-JITProp : </b> <br> <br> This flag enables an optimization technique which only propagates error values to <br> gradients if needed by a tensor (the tensor is used again) and otherwise accumulate them <br> at divergent differentiation paths within the computation graph. <br> If the flag is set to true <br> then error values will accumulate at such junction nodes. <br> This technique however uses more memory but will <br> improve performance for some networks substantially. <br> The technique is termed JIT-Propagation. <br> <br> <br> <b> is-Applying-Gradient-When-Tensor-Is-Used : </b> <br> <br> Gradients will automatically be applied (or JITed) to tensors as soon as <br> they are being used for calculation (GraphNode instantiation). <br> This feature works well with JIT-Propagation. <br> <br> <br> <b> is-Applying-Gradient-When-Requested : </b> <br> <br> Gradients will only be applied if requested. <br> Usually this happens immediately, however <br> if the flag 'applyGradientWhenTensorIsUsed' is set <br> to true, then the tensor will only be updated by its <br> gradient if requested AND the tensor is used fo calculation! (GraphNode instantiation). <br> <br> <b> Let's take a look : </b>"]
      },
      "blocks":[
        {"kind":"given","text":"We configure Neureka autograd:","code":["Neureka.get().settings().autograd().isApplyingGradientWhenRequested = whenRsd","Neureka.get().settings().autograd().isApplyingGradientWhenTensorIsUsed = whenUse","Neureka.get().settings().autograd().isRetainingPendingErrorForJITProp = doJIT"]},
        {"kind":"and","text":"","code":["def x = Tsr.of([2, 2], 1d).setRqsGradient(true)","def y = x + 2","Binding binding = new Binding()","binding.setVariable('x', x)","binding.setVariable('y', y)"]},
        {"kind":"when","text":"The code snippet is being execute...","code":["Tsr z = new GroovyShell(binding).evaluate((code))"]},
        {"kind":"then","text":"As expected, this new tensor contains four times 27 :","code":["z.toString().contains(\"(2x2):[27.0, 27.0, 27.0, 27.0]\")"]},
        {"kind":"when","text":"\n                We call the \"mean()\" method as a simple loss function!\n                This produces a scalar output tensor which is ideal as entrypoint\n                for the autograd algorithm.\n","code":["def result = z.mean()"]},
        {"kind":"then","text":"This \"result\" tensor will be the expected scalar :","code":["result.toString().contains(\"(1x1):[27.0]\")"]},
        {"kind":"when","text":"\n                We now try to backpropagate! Because \"result\" contains a single scalar,\n                result.backward() is equivalent to out.backward(Tsr.of(1)).\n","code":["z.backward(0.25)","def xAsStr = x.toString()"]},
        {"kind":"then","text":"The variable \"x\" contains every expected String :","code":["xAsStr.matches( afterBack )"]},
        {"kind":"when","text":"","code":["x * 2","xAsStr = x.toString()"]},
        {"kind":"then","text":"The variable \"x\" contains every expected String :","code":["xAsStr.matches( afterUse )"]},
        {"kind":"when","text":"","code":["x.setGradientApplyRequested( true )","xAsStr = x.toString()"]},
        {"kind":"then","text":"The variable \"x\" contains every expected String :","code":["xAsStr.matches( afterRqd )"]},
        {"kind":"when","text":"","code":["x * 2","xAsStr = x.toString()"]},
        {"kind":"then","text":"The variable \"x\" contains every expected String :","code":["xAsStr.matches( afterAll )"]},
        {"kind":"when","text":"It is time to free some memory because our history of computation has grown a bit...","code":["result.unsafe.detach()"]},
        {"kind":"then","text":"Our latest tensor will now longer have a strong reference to a soon to be garbage collected past !","code":["!result.has( GraphNode.class )"]},
        {"kind":"where","text":"","code":[]}
      ],
      "problems":"[]"
    },
  
    {
      "id":"Advanced backpropagation on all AD-Modes  [code: y*y*3, whenRsd: true, whenUse: true, doJIT: true, afterBack: .*1.*null.*, afterUse: .*1.*null.*, afterRqd: .*1.*null.*, afterAll: .*5\\.5.*null.*, #7]",
      "result":"PASS",
      "duration":"0.010 seconds",
      "iterations":{
      "tags":{},"see":[],"extraInfo":["What is JIT-Prop and how does it affect autograd ? <b> Let's take a look ! </b> <br> This run covers the feature having the following settings : <br> <br> <b> Neureka.instance().settings().autograd().: </b> <br> isRetainingPendingErrorForJITProp := true <br> isApplyingGradientWhenTensorIsUsed := true <br> isApplyingGradientWhenRequested := true <br> <br> ...code producing the result : 'y*y*3' <br> <br> <b> is-Retaining-Pending-Error-For-JITProp : </b> <br> <br> This flag enables an optimization technique which only propagates error values to <br> gradients if needed by a tensor (the tensor is used again) and otherwise accumulate them <br> at divergent differentiation paths within the computation graph. <br> If the flag is set to true <br> then error values will accumulate at such junction nodes. <br> This technique however uses more memory but will <br> improve performance for some networks substantially. <br> The technique is termed JIT-Propagation. <br> <br> <br> <b> is-Applying-Gradient-When-Tensor-Is-Used : </b> <br> <br> Gradients will automatically be applied (or JITed) to tensors as soon as <br> they are being used for calculation (GraphNode instantiation). <br> This feature works well with JIT-Propagation. <br> <br> <br> <b> is-Applying-Gradient-When-Requested : </b> <br> <br> Gradients will only be applied if requested. <br> Usually this happens immediately, however <br> if the flag 'applyGradientWhenTensorIsUsed' is set <br> to true, then the tensor will only be updated by its <br> gradient if requested AND the tensor is used fo calculation! (GraphNode instantiation). <br> <br> <b> Let's take a look : </b>"]
      },
      "blocks":[
        {"kind":"given","text":"We configure Neureka autograd:","code":["Neureka.get().settings().autograd().isApplyingGradientWhenRequested = whenRsd","Neureka.get().settings().autograd().isApplyingGradientWhenTensorIsUsed = whenUse","Neureka.get().settings().autograd().isRetainingPendingErrorForJITProp = doJIT"]},
        {"kind":"and","text":"","code":["def x = Tsr.of([2, 2], 1d).setRqsGradient(true)","def y = x + 2","Binding binding = new Binding()","binding.setVariable('x', x)","binding.setVariable('y', y)"]},
        {"kind":"when","text":"The code snippet is being execute...","code":["Tsr z = new GroovyShell(binding).evaluate((code))"]},
        {"kind":"then","text":"As expected, this new tensor contains four times 27 :","code":["z.toString().contains(\"(2x2):[27.0, 27.0, 27.0, 27.0]\")"]},
        {"kind":"when","text":"\n                We call the \"mean()\" method as a simple loss function!\n                This produces a scalar output tensor which is ideal as entrypoint\n                for the autograd algorithm.\n","code":["def result = z.mean()"]},
        {"kind":"then","text":"This \"result\" tensor will be the expected scalar :","code":["result.toString().contains(\"(1x1):[27.0]\")"]},
        {"kind":"when","text":"\n                We now try to backpropagate! Because \"result\" contains a single scalar,\n                result.backward() is equivalent to out.backward(Tsr.of(1)).\n","code":["z.backward(0.25)","def xAsStr = x.toString()"]},
        {"kind":"then","text":"The variable \"x\" contains every expected String :","code":["xAsStr.matches( afterBack )"]},
        {"kind":"when","text":"","code":["x * 2","xAsStr = x.toString()"]},
        {"kind":"then","text":"The variable \"x\" contains every expected String :","code":["xAsStr.matches( afterUse )"]},
        {"kind":"when","text":"","code":["x.setGradientApplyRequested( true )","xAsStr = x.toString()"]},
        {"kind":"then","text":"The variable \"x\" contains every expected String :","code":["xAsStr.matches( afterRqd )"]},
        {"kind":"when","text":"","code":["x * 2","xAsStr = x.toString()"]},
        {"kind":"then","text":"The variable \"x\" contains every expected String :","code":["xAsStr.matches( afterAll )"]},
        {"kind":"when","text":"It is time to free some memory because our history of computation has grown a bit...","code":["result.unsafe.detach()"]},
        {"kind":"then","text":"Our latest tensor will now longer have a strong reference to a soon to be garbage collected past !","code":["!result.has( GraphNode.class )"]},
        {"kind":"where","text":"","code":[]}
      ],
      "problems":"[]"
    },
  
    {
      "id":"We can create a shallow copy of a tensor detached from the computation graph.",
      "result":"PASS",
      "duration":"0.001 seconds",
      "iterations":{
      "tags":{},"see":[],"extraInfo":[]
      },
      "blocks":[
        {"kind":"given","text":"","code":["var a = Tsr.ofFloats().withShape(2).andFill(-3, 1).setRqsGradient(true)"]},
        {"kind":"when","text":"","code":["var b = a * 2","var c = b.detached()"]},
        {"kind":"then","text":"","code":["c !== b","c === c.detached()"]},
        {"kind":"and","text":"","code":["b.isBranch()","!c.isBranch()"]},
        {"kind":"and","text":"","code":["b.has(GraphNode)","!c.has(GraphNode)"]}
      ],
      "problems":"[]"
    }
  
  ],
  "generator":"https://github.com/renatoathaydes/spock-reports"
}