{
  "className":"ut.backend.core.Matrix_Multiplication_Spec",
  "statistics":{
    "runs":"2",
    "successRate":"100.0%",
    "failures":"0",
    "errors":"0",
    "skipped":"0",
    "duration":"0.561 seconds"
  },

  "title":"",
  "narrative":"",
  "headers":[],"tags":{},"see":[],
  "features":[ 
    {
      "id":"The simple CPU matrix multiplication implementation works as expected.",
      "result":"PASS",
      "duration":"0.002 seconds",
      "iterations":{
      "tags":{},"see":[],"extraInfo":[]
      },
      "blocks":[
        {"kind":"given","text":"","code":["var C = new double[M*N]"]},
        {"kind":"when","text":"","code":["CPUMatMul.execute(true, A, B, C, M, K, N)"]},
        {"kind":"then","text":"","code":["C == expectedC"]},
        {"kind":"where","text":"","code":[]}
      ],
      "problems":"[]"
    },
  
    {
      "id":"The internal matrix multiplication test script runs!",
      "result":"PASS",
      "duration":"0.555 seconds",
      "iterations":{
      "tags":{},"see":[],"extraInfo":[]
      },
      "blocks":[
        {"kind":"expect","text":"","code":["InternalMatMulTest.start()"]}
      ],
      "problems":"[]"
    }
  
  ],
  "generator":"https://github.com/renatoathaydes/spock-reports"
}