{
  "className":"ut.backend.core.Backend_Algorithm_AD_Spec",
  "statistics":{
    "runs":"4",
    "successRate":"100.0%",
    "failures":"0",
    "errors":"0",
    "skipped":"0",
    "duration":"0.137 seconds"
  },

  "title":"",
  "narrative":"",
  "headers":[],"tags":{},"see":[],
  "features":[ 
    {
      "id":"Operator implementations behave as expected.",
      "result":"PASS",
      "duration":"0.001 seconds",
      "iterations":{
      "tags":{},"see":[],"extraInfo":[]
      },
      "blocks":[
        {"kind":"given","text":"The current Neureka instance is being reset.","code":["Neureka.get().reset()"]},
        {"kind":"and","text":"A mock ExecutionCall.","code":["def call = Mock(ExecutionCall)","call.inputs() >> new Tsr<?>[0]"]},
        {"kind":"when","text":"A auto diff mode is being created by every algorithm...","code":["AutoDiffMode mode = imp.autoDiffModeFrom( call )"]},
        {"kind":"then","text":"The agent is configured to perform forward-AD and it contains the derivative generated by the function!","code":["mode != null"]},
        {"kind":"where","text":"The variable \"imp\" is from a List of OperationType implementations of type \"Operator\".","code":[]}
      ],
      "problems":"[]"
    },
  
    {
      "id":"Activation implementations behave as expected.",
      "result":"PASS",
      "duration":"0.007 seconds",
      "iterations":{
      "tags":{},"see":[],"extraInfo":[]
      },
      "blocks":[
        {"kind":"given","text":"The current Neureka instance is being reset.","code":["Neureka.get().reset()"]},
        {"kind":"and","text":"A mock Function.","code":["def function = Mock(Function)","def derivative = Mock(Tsr)","def mutate = Mock(Tsr.Unsafe)","function.derive(*_) >> derivative","function.executeDerive(*_) >> derivative","derivative.getUnsafe() >> mutate"]},
        {"kind":"and","text":"A mock ExecutionCall.","code":["var call = ExecutionCall.of().running(Mock(Operation)).algorithm(imp).on(Mock(Device))"]},
        {"kind":"when","text":"","code":["var suitability = imp.isSuitableFor(call)"]},
        {"kind":"then","text":"","code":["0 <= suitability && suitability <= 1"]},
        {"kind":"when","text":"","code":["var mode = imp.autoDiffModeFrom(call)"]},
        {"kind":"then","text":"","code":["mode != null"]},
        {"kind":"where","text":"The variable \"imp\" is from a List of OperationType implementations of type \"Activation\".","code":[]}
      ],
      "problems":"[]"
    },
  
    {
      "id":"Convolution implementations behave as expected.",
      "result":"PASS",
      "duration":"0",
      "iterations":{
      "tags":{},"see":[],"extraInfo":[]
      },
      "blocks":[
        {"kind":"given","text":"The current Neureka instance is being reset.","code":["Neureka.get().reset()"]},
        {"kind":"and","text":"A mock ExecutionCall.","code":["var call = ExecutionCall.of().running(Mock(Operation)).algorithm(imp).on(Mock(Device))"]},
        {"kind":"when","text":"","code":["var suitability = imp.isSuitableFor(call)"]},
        {"kind":"then","text":"","code":["0 <= suitability && suitability <= 1"]},
        {"kind":"when","text":"","code":["var mode = imp.autoDiffModeFrom(call)"]},
        {"kind":"then","text":"","code":["mode != null"]},
        {"kind":"where","text":"The variable \"imp\" is from a List of Operation implementations of type \"Convolution\".","code":[]}
      ],
      "problems":"[]"
    },
  
    {
      "id":"Broadcast implementations behave as expected.",
      "result":"PASS",
      "duration":"0.034 seconds",
      "iterations":{
      "tags":{},"see":[],"extraInfo":[]
      },
      "blocks":[
        {"kind":"given","text":"The current Neureka instance is being reset.","code":["Neureka.get().reset()"]},
        {"kind":"and","text":"A mock Function.","code":["def function = Mock( Function )","def derivative = Mock( Tsr )","def ndConf = Mock(NDConfiguration)","function.derive(*_) >> derivative","function.executeDerive(*_) >> derivative","derivative.getNDConf() >> ndConf","ndConf.shape() >> [1, 2]","derivative.getItemClass() >> Float","derivative.itemClass() >> Float"]},
        {"kind":"and","text":"A mock ExecutionCall.","code":["def call = Mock( ExecutionCall )","def arg = Mock(Arg.Derivative)","call.get(Arg.Derivative.class) >> arg","call.autogradMode() >> AutoDiffMode.FORWARD_AND_BACKWARD"]},
        {"kind":"when","text":"A new ADAgent is being instantiated by calling the given implementation with these arguments...","code":["ADAgent agent = imp.supplyADAgentFor(function, call)"]},
        {"kind":"then","text":"An exception is being thrown because implementations of type \"Broadcast\" can only perform reverse mode AD!","code":["def exception = thrown( IllegalArgumentException )","exception.message == \"Broadcast implementation does not support forward-AD!\""]},
        {"kind":"when","text":"The agent generator is called once more with the forward flag set to false...","code":["agent = imp.supplyADAgentFor(function, call)"]},
        {"kind":"then","text":"","code":["(0.._) * call.inputs() >> new Tsr[]{derivative, derivative}","(0.._) * call.input(_) >> derivative","(1.._) * call.autogradMode() >> AutoDiffMode.BACKWARD_ONLY"]},
        {"kind":"and","text":"No exception is being thrown and the agent is configured to perform backward-AD.","code":["agent.partialDerivative().get() == derivative || agent.partialDerivative().get().toString({it.isMultiline=false}) == \"(1x2):[  0.0 ,   0.0 ]\""]},
        {"kind":"where","text":"The variable \"imp\" is from a List of OperationType implementations of type \"Convolution\".","code":[]}
      ],
      "problems":"[]"
    }
  
  ],
  "generator":"https://github.com/renatoathaydes/spock-reports"
}