{
  "className":"ut.dtype.DataType_Spec",
  "statistics":{
    "runs":"1",
    "successRate":"100.0%",
    "failures":"0",
    "errors":"0",
    "skipped":"0",
    "duration":"0.008 seconds"
  },

  "title":"",
  "narrative":"",
  "headers":["This specification tests the \"DataType\" class, which hosts a multiton design pattern in order to guarantee uniqueness of instances of the type which represent the same class type. <br> Instances of this class wrap a Class variable which is the type of the data of the tensor. <br> (The following types are usually used : UI8, I8, UI16, I16, UI32, I64, I32, F32, F64 )"],"tags":{},"see":[],
  "features":[ 
    {
      "id":"DataType multi-ton instances behave as expected.",
      "result":"PASS",
      "duration":"0",
      "iterations":{
      "tags":{},"see":[],"extraInfo":[]
      },
      "blocks":[
        {"kind":"given","text":"A \"DataType\" instance representing / wrapping the relevant datatype Class passed to \"instance(...).\"","code":["DataType<?> dt = DataType.of( typeClass )"]},
        {"kind":"expect","text":"The found instance is not null!","code":["dt != null"]},
        {"kind":"and","text":"It contains the Class that it represents.","code":["dt.getRepresentativeType() == targetClass"]},
        {"kind":"and","text":"This class either does or does not implement the \"NumericType\" interface.","code":["dt.typeClassImplements(NumericType.class) == isNumericType"]},
        {"kind":"where","text":"The following data is being used :","code":[]}
      ],
      "problems":"[]"
    }
  
  ],
  "generator":"https://github.com/renatoathaydes/spock-reports"
}