{
  "className":"ut.device.OpenCLDevice_Spec",
  "statistics":{
    "runs":"8",
    "successRate":"100.0%",
    "failures":"0",
    "errors":"0",
    "skipped":"0",
    "duration":"4.017 seconds"
  },

  "title":"The OpenCLDevice Specification",
  "narrative":"Tensors need devices for execution! By default we use the CPU as a default device, but sometimes we want to use something more suitable for large amounts of data an a high degree of parallelization. This is were the OpenCLDevice comes into play! It is a Device implementation built on top of the JOCL library, a thin OpenCL API! We expect the OpenCLDevice to stored tensors while still being able to read and write data from and to stored tensors. Also, an OpenCLDevice should allows us to compile OpenCL kernel code on the fly...",
  "headers":["<h2> OpenCLDevice Integration Tests </h2> <p> Specified below are strict tests covering the behavior of the OpenCLDevice when hosting tensors and executing operations on them. </p>"],"tags":{},"see":[],
  "features":[ 
    {
      "id":"An OpenCLDevice loads tensors in a provided lambda temporarily.",
      "result":"PASS",
      "duration":"0.004 seconds",
      "iterations":{
      "tags":{},"see":[],"extraInfo":[]
      },
      "blocks":[
        {"kind":"given","text":"The first found OpenCLDevice instance.","code":["Device<?> device = Device.get('first')"]},
        {"kind":"and","text":"We create 2 tensors with different default devices.","code":["Tsr<?> t = Tsr.of([4, 3], 2)","Tsr<?> s = Tsr.of([3, 2], -1).to(device)"]},
        {"kind":"expect","text":"At first, both tensors are stored where we said they should be.","code":["!device.has(t)","device.has(s)"]},
        {"kind":"and","text":"The two tensors should also know to which devices they belong!","code":["t.device === CPU.get()","s.device === device"]},
        {"kind":"and","text":"When we check their location in the lambda we expect them both to be on the device!","code":["device.borrow(t, s)",".in(() -> {","return device.has(t) && device.has(s)","})"]},
        {"kind":"and","text":"After the lambda ran, we expect everything to be reverted.","code":["!device.has(t)","device.has(s)"]},
        {"kind":"and","text":"The two tensors should also know to which devices they belong!","code":["t.device === CPU.get()","s.device === device"]}
      ],
      "problems":"[]"
    },
  
    {
      "id":"The \"getValue()\" method of an outsourced tensor will return the expected array type.",
      "result":"PASS",
      "duration":"0.004 seconds",
      "iterations":{
      "tags":{},"see":[],"extraInfo":[]
      },
      "blocks":[
        {"kind":"given","text":"A new tensor.","code":["Tsr t = Tsr.ofDoubles().withShape( 1, 2 ).all(0)"]},
        {"kind":"expect","text":"This tensor is initially of type \"Double\", meaning it is backed by a \"double[]\" array internally...","code":["t.dataType == DataType.of( Double.class )"]},
        {"kind":"when","text":"The tensor is being transferred to the first found OpencCLDevice...","code":["Device.get('first').store( t )"]},
        {"kind":"then","text":"The data type of the tensor is being converted to single precision.","code":["t.dataType == DataType.of( Float.class )"]},
        {"kind":"when","text":"The tensor value is being fetched...","code":["def value = t.getItems()"]},
        {"kind":"then","text":"This value object is an instance of a \"float[]\" array because the device converted the value.","code":["value instanceof float[]"]}
      ],
      "problems":"[]"
    },
  
    {
      "id":"The \"getData()\" method of an outsourced tensor will return null when outsourced.",
      "result":"PASS",
      "duration":"0",
      "iterations":{
      "tags":{},"see":[],"extraInfo":[]
      },
      "blocks":[
        {"kind":"given","text":"A new tensor belonging to the first found OpenCLDevice instance.","code":["Tsr t = Tsr.ofDoubles().withShape( 1, 2 ).all(0)"]},
        {"kind":"expect","text":"The tensor start with having data stored within.","code":["t.unsafe.data != null"]},
        {"kind":"when","text":"The tensor is being stored on the device...","code":["t.to(Device.get('first'))"]},
        {"kind":"and","text":"The tensor value is being fetched...","code":["def data = t.unsafe.data"]},
        {"kind":"then","text":"The value variable is null.","code":["data == null"]}
      ],
      "problems":"[]"
    },
  
    {
      "id":"Ad hoc compilation produces executable kernel.",
      "result":"PASS",
      "duration":"0.101 seconds",
      "iterations":{
      "tags":{},"see":[],"extraInfo":[]
      },
      "blocks":[
        {"kind":"given","text":"","code":["def device = Neureka.get().backend().get(CLContext.class).getPlatforms()[0].devices[0]","def someData  = Tsr.of( new float[]{ 2, -5, -3, 9, -1 } ).to( device )"]},
        {"kind":"expect","text":"The OpenCL device initially does not have the \"dummy_kernel\" we are going to create.","code":["!device.hasAdHocKernel( 'dummy_kernel' )"]},
        {"kind":"when","text":"Compiling a kernel called \"dummy_kernel\"...","code":["device.compileAdHocKernel( 'dummy_kernel', \"\"\"","__kernel void dummy_kernel (","__global float* output,","__global float* input,","float value",") {","unsigned int i = get_global_id( 0 );","output[i] = input[i] + value;","}","\"\"\"",")"]},
        {"kind":"then","text":"The OpenCL device contrary to before now has a kernel by this name.","code":["device.hasAdHocKernel( 'dummy_kernel' )"]},
        {"kind":"and","text":"The device still references the source code od that kernel.","code":["device._kernelCache._adhocKernels['dummy_kernel'].source == \"\"\"","__kernel void dummy_kernel (","__global float* output,","__global float* input,","float value",") {","unsigned int i = get_global_id( 0 );","output[i] = input[i] + value;","}","\"\"\""]},
        {"kind":"when","text":"Executing the kernel by passing the previously defined tensor...","code":["device.getAdHocKernel( 'dummy_kernel' )",".pass( someData )",".pass( someData )",".pass( -4f )",".call( someData.size() )"]},
        {"kind":"then","text":"Each value within the tensor will all have the number 4 subtracted from it.","code":["someData.toString() == \"(5):[-2.0, -9.0, -7.0, 5.0, -5.0]\""]}
      ],
      "problems":"[]"
    },
  
    {
      "id":"Ad hoc compilation works for WIP general purpose matrix multiplication.",
      "result":"PASS",
      "duration":"0.592 seconds",
      "iterations":{
      "tags":{},"see":[],"extraInfo":[]
      },
      "blocks":[
        {"kind":"given","text":"","code":["var device = Neureka.get().backend().get(CLContext.class).getPlatforms()[0].devices[0]","var kernelName = \"dummy_mm_${M}x${K}x${N}\"","var params = DispatchUtility.findBestParams(locSize, regSize, K, M, N)","var TSM  = params[0]","var TSN  = params[1]","var TSK  = params[2]","var WPTM = params[3]","var WPTN = params[4]","long[] local=   new long[]{ TSM/WPTM, TSN/WPTN }","long[] global = new long[]{ (M/WPTM), (N/WPTN) }","Tsr A = Tsr.of( [M,K], 0f )","Tsr B = Tsr.of( [K,N], 0f )","Tsr C = Tsr.of( [M,N], 0f )","A[0..M-1,0..K-1] = Tsr.of([M,K], 3..1)","B[0..K-1,0..N-1] = Tsr.of([K,N], -5..0)","var reference = A.matMul(B).items","A.to( device )","B.to( device )","C.to( device ).setIsVirtual(false)"]},
        {"kind":"expect","text":"","code":["!device.hasAdHocKernel( kernelName )"]},
        {"kind":"when","text":"","code":["device.compileAdHocKernel( kernelName, \"\"\"","#define TSM ${TSM}                   // The tile-size in dimension M","#define TSN ${TSN}                   // The tile-size in dimension N","#define TSK ${TSK}                   // The tile-size in dimension K","#define WPTM ${WPTM}                 // The work-per-thread in dimension M","#define WPTN ${WPTN}                 // The work-per-thread in dimension N","#define RTSM (TSM/WPTM)              // The reduced tile-size in dimension M","#define RTSN (TSN/WPTN)              // The reduced tile-size in dimension N","#define LPTA ((TSK*TSM)/(RTSM*RTSN)) // Loads-per-thread for A","#define LPTB ((TSK*TSN)/(RTSM*RTSN)) // Loads-per-thread for B","","// Use 2D register blocking (further increase in work per thread)","__kernel void $kernelName(","const int M, const int N, const int K,","const __global float* A,","const __global float* B,","__global float* C",") {","","// Thread identifiers","const int tidm = get_local_id(0); // Local row ID (max: TSM/WPTM)","const int tidn = get_local_id(1); // Local col ID (max: TSN/WPTN)","const int offsetM = TSM*get_group_id(0); // Work-group offset","const int offsetN = TSN*get_group_id(1); // Work-group offset","","// Local memory to fit a tile of A and B","__local float Asub[TSK][TSM];","__local float Bsub[TSN][TSK+2];","","// Allocate register space","float Areg;","float Breg[WPTN];","float acc[WPTM][WPTN];","","// Initialise the accumulation registers","for ( int wm=0; wm<WPTM; wm++ ) {","for ( int wn=0; wn<WPTN; wn++ ) {","acc[wm][wn] = 0.0f;","}","}","","// Loop over all tiles","int numTiles = K/TSK;","for ( int t=0; t<numTiles; t++ ) {","","// Load one tile of A and B into local memory","for ( int la=0; la<LPTA; la++ ) {","int tid = tidn*RTSM + tidm;","int id = la*RTSN*RTSM + tid;","int row = id % TSM;","int col = id / TSM;","int tiledIndex = TSK*t + col;","Asub[col][row] = A[tiledIndex*M + offsetM + row];","Bsub[row][col] = B[tiledIndex*N + offsetN + row];","}","","// Synchronise to make sure the tile is loaded","barrier(CLK_LOCAL_MEM_FENCE);","","// Loop over the values of a single tile","for ( int k=0; k<TSK; k++ ) {","","// Cache the values of Bsub in registers","for ( int wn=0; wn<WPTN; wn++ ) {","int col = tidn + wn*RTSN;","Breg[wn] = Bsub[col][k];","}","","// Perform the computation","for ( int wm=0; wm<WPTM; wm++ ) {","int row = tidm + wm*RTSM;","Areg = Asub[k][row];","for ( int wn=0; wn<WPTN; wn++ ) {","acc[wm][wn] += Areg * Breg[wn];","}","}","}","","// Synchronise before loading the next tile","barrier(CLK_LOCAL_MEM_FENCE);","}","","// Store the final results in C","for ( int wm=0; wm<WPTM; wm++ ) {","int globalRow = offsetM + tidm + wm*RTSM;","for ( int wn=0; wn<WPTN; wn++ ) {","int globalCol = offsetN + tidn + wn*RTSN;","//C[globalCol*M + globalRow] = acc[wm][wn];","C[globalCol + N*globalRow] = acc[wm][wn];","}","}","}","\"\"\"",")"]},
        {"kind":"then","text":"","code":["device.hasAdHocKernel( kernelName )"]},
        {"kind":"when","text":"","code":["device.getAdHocKernel( kernelName )",".pass( M ).pass( N ).pass( K )",".pass( A ).pass( B ).pass( C )",".call( global, local )"]},
        {"kind":"then","text":"","code":["C.items == reference"]},
        {"kind":"and","text":"","code":["expected == null || C.toString({it.setRowLimit(50)}) == expected"]},
        {"kind":"where","text":"","code":[]}
      ],
      "problems":"[]"
    },
  
    {
      "id":"Ad hoc matrix multiplication works for multiple of 16 matrices.",
      "result":"PASS",
      "duration":"0.360 seconds",
      "iterations":{
      "tags":{},"see":[],"extraInfo":[]
      },
      "blocks":[
        {"kind":"given","text":"","code":["var device = Neureka.get().backend().get(CLContext.class).platforms[0].devices[0]","var kernelName = \"backend_mm_${M}x${K}x${N}\"","long[] local=   new long[]{ Math.min(16, M), Math.min(16, K) }","long[] global = new long[]{ M, K }","var data = (0..(M*K-1)).collect( v-> v + seed )","var data1 = data.collect( v -> ((v+5)%11)-5 as float )","var data2 = data.collect( v -> ((v+7)%11)-5 as float )","Tsr A = Tsr.of( [M,K], data1  )","Tsr B = Tsr.of( [K,N], data2  )","Tsr C = Tsr.of( [M,N], 0f )","var reference = A.matMul(B).items","A.to( device )","B.to( device )","C.to( device ).setIsVirtual(false)"]},
        {"kind":"expect","text":"","code":["!device.hasAdHocKernel( kernelName )"]},
        {"kind":"when","text":"","code":["device.compileAdHocKernel( kernelName, \"\"\"","kernel void backend_mm_${M}x${K}x${N}(","global       float* C,","global const float* A,","global const float* B,","int M, int N, int K","){","local float locA[16][16];","local float locB[16][16];","","int m = get_global_id(0);","int k = get_global_id(1);","","int c = ( get_group_id(1) << 4 ) + get_local_id(0);","","float result = 0.0;","","for ( int n = get_local_id(1); n < N; n += 16 )","{","locA[ get_local_id(0) ][ get_local_id(1) ] = A[ ( N * m ) + n ];","locB[ get_local_id(0) ][ get_local_id(1) ] = B[ ( K * n ) + c ];","","barrier(CLK_LOCAL_MEM_FENCE);","","for ( int i = 0; i < 16; i++ )","result += ( locA[ get_local_id(0) ][i] * locB[ get_local_id(1) ][i] );","","barrier(CLK_LOCAL_MEM_FENCE);","}","","C[ ( K * m ) + k ] = result;","}","\"\"\"",")"]},
        {"kind":"then","text":"","code":["device.hasAdHocKernel( kernelName )"]},
        {"kind":"when","text":"","code":["device.getAdHocKernel( kernelName )",".pass( C ).pass( A ).pass( B )",".pass( M ).pass( N ).pass( K )",".call( global, local )"]},
        {"kind":"then","text":"","code":["C.items == reference"]},
        {"kind":"and","text":"","code":["expected == null || C.toString({it.setRowLimit(50)}) == expected"]},
        {"kind":"where","text":"","code":[]}
      ],
      "problems":"[]"
    },
  
    {
      "id":"Ad hoc compilation works for custom simple row major based matrix multiplication.",
      "result":"PASS",
      "duration":"0.863 seconds",
      "iterations":{
      "tags":{},"see":[],"extraInfo":[]
      },
      "blocks":[
        {"kind":"given","text":"","code":["var device = Neureka.get().backend().get(CLContext.class).platforms[0].devices[0]","var kernelName = \"simple_backend_mm_${M}x${K}x${N}\"","long[] local=   null","long[] global = new long[]{ M, N }","var data = (0..(M*K-1)).collect( v-> v + seed )","var data1 = data.collect( v -> ((v+5)%11)-5 as float )","var data2 = data.collect( v -> ((v+7)%11)-5 as float )","Tsr A = Tsr.of( [M,K], data1  )","Tsr B = Tsr.of( [K,N], data2  )","Tsr C = Tsr.of( [M,N], 0f )","var reference = A.matMul(B).items","A.to( device )","B.to( device )","C.to( device ).setIsVirtual(false)"]},
        {"kind":"expect","text":"","code":["!device.hasAdHocKernel( kernelName )"]},
        {"kind":"when","text":"","code":["device.compileAdHocKernel( kernelName, \"\"\"","__kernel void $kernelName(","const int M, const int N, const int K,","const __global float* A,","const __global float* B,","__global float* C",") {","const int m = get_global_id(0); // Row index of C (0..M)","const int n = get_global_id(1); // Col index of C (0..N)","","// Compute a single element (loop over K)","float acc = 0.0f;","for ( int k = 0; k < K; k++ )","acc += A[ k + m * K ] * B[ n + k * N ];","","// Store the result","C[ n + m * N ] = acc;","}","\"\"\"",")"]},
        {"kind":"then","text":"","code":["device.hasAdHocKernel( kernelName )"]},
        {"kind":"when","text":"","code":["device.getAdHocKernel( kernelName )",".pass( M ).pass( N ).pass( K )",".pass( A ).pass( B ).pass( C )",".call( global, local )"]},
        {"kind":"then","text":"","code":["C.items == reference"]},
        {"kind":"and","text":"","code":["expected == null || C.toString({it.setRowLimit(50)}) == expected"]},
        {"kind":"where","text":"Matrix multiplication kernel will work for all dimensions reasonably well!","code":[]}
      ],
      "problems":"[]"
    },
  
    {
      "id":"Ad hoc compilation works for custom column major based tiled matrix multiplication.",
      "result":"PASS",
      "duration":"2.064 seconds",
      "iterations":{
      "tags":{},"see":[],"extraInfo":[]
      },
      "blocks":[
        {"kind":"given","text":"","code":["def device = Neureka.get().backend().get(CLContext.class).platforms[0].devices[0]","def kernelName = \"fast_columns_major_mm_${M}x${K}x${N}\"","def data = (0..(M*K-1)).collect( v-> v + seed )","def data1 = data.collect( v -> ((v+5)%11)-5 as float )","def data2 = data.collect( v -> ((v+7)%11)-5 as float )"]},
        {"kind":"and","text":"We create column major based matrices!","code":["Tsr A = Tsr.of( [M,K], data1    ).unsafe.toLayout(NDConfiguration.Layout.COLUMN_MAJOR)","Tsr B = Tsr.of( [K,N], data2    ).unsafe.toLayout(NDConfiguration.Layout.COLUMN_MAJOR)","Tsr C = Tsr.of( [M,N], 0f ).unsafe.toLayout(NDConfiguration.Layout.COLUMN_MAJOR)","var reference = A.matMul(B).data","A.to( device )","B.to( device )","C.to( device ).setIsVirtual(false)","var MW = 1","var KW = 1","for ( s in [16,8,4,2,1] )","if ( M % s == 0 ) { MW = s; break }","for ( s in [8,4,2,1] )","if ( N % s == 0 && K % s == 0 ) { KW = s; break }","var NW = KW","long[] local =  null","long[] global = new long[]{ Math.floor(M/MW), Math.floor(N/NW), 1 }"]},
        {"kind":"expect","text":"","code":["!device.hasAdHocKernel( kernelName )"]},
        {"kind":"when","text":"","code":["device.compileAdHocKernel( kernelName, \"\"\"","#define K ${K}","#define N ${N}","#define MW ${MW}     // M tile Width","#define NW ${NW}     // N tile Width  -- NW & KW should be the same !","#define KW ${KW}     // K tile Width","#define MT ${Math.floor(M/MW) as int}   // MT is max for 'mt' (M tile count)","#define KT ${Math.floor(K/KW) as int}   // KT is max for 'kt' (K tile count)","#define floatMW ${MW != 1 ? 'float'+MW : 'float'}","#define floatKW ${KW != 1 ? 'float'+KW : 'float'}","__kernel void $kernelName(","const __global floatMW* restrict A,","const __global floatKW* restrict B,","__global floatMW* C",") {{","size_t mt    = get_global_id(0);    //global M-tile id","size_t nc    = get_global_id(1);    //global N-tile id","size_t batch = get_global_id(2);","","float AT[KW][MW]; // sub tiles","float BT[NW][KW];","float CT[NW][MW];","#pragma unroll","for ( uint i=0; i<NW*MW; ++i ) // zero CT tile","((float*) CT)[i] = 0.0;","for ( uint kt=0; kt<KT; ++kt )  // iterate over K-dim tiles","{{","#pragma unroll","for ( uint k=0; k<KW; ++k )  // every k-element inside K-dim tile","*( (floatMW*) AT[k] ) = A[batch*K*MT + (kt*KW + k)*MT + mt]; // store M-Width floats","#pragma unroll","for ( uint n=0; n<NW; ++n )  // every n-element inside N-dim tile","*( (floatKW*) BT[n] ) = B[batch*N*KT + (nc*NW + n)*KT + kt]; // store K-Width floats","#pragma unroll","for ( uint k=0; k<KW; ++k )","#pragma unroll","for ( uint n=0; n<NW; ++n )  // sub tiles multiplication","#pragma unroll","for ( uint m=0; m<MW; ++m )","CT[n][m] += AT[k][m] * BT[n][k];","}}","#pragma unroll","for ( uint n = 0; n < NW; ++n )","C[ batch * N * MT + ( nc * NW + n ) * MT + mt ] += *( (floatMW*) CT[n] );","}}","\"\"\"",")"]},
        {"kind":"then","text":"","code":["device.hasAdHocKernel( kernelName )"]},
        {"kind":"when","text":"","code":["device.getAdHocKernel( kernelName )",".pass( A ).pass( B ).pass( C )",".call( global, local )"]},
        {"kind":"then","text":"","code":["C.data == reference"]},
        {"kind":"and","text":"","code":["C.toString({it.setRowLimit(50)}) == expected"]},
        {"kind":"where","text":"This kernel will work for all dimensions well:","code":[]}
      ],
      "problems":"[]"
    }
  
  ],
  "generator":"https://github.com/renatoathaydes/spock-reports"
}