{
  "className":"ut.tensors.Tensor_Version_Spec",
  "statistics":{
    "runs":"4",
    "successRate":"100.0%",
    "failures":"0",
    "errors":"0",
    "skipped":"0",
    "duration":"0.134 seconds"
  },

  "title":"Tensor (Data Array) Version",
  "narrative":"There are two fundamental categories of operations which can be applied to tensors : Inline operations and Non-Inline operations! Inline operations are often times problematic because they produce side effects by changing passed tensors instead of producing new ones... One such bad side effect can easily occur for tensors involved in the autograd system, more specifically: the recorded computation graph. Inline operations can break the mathematically pureness of the back-propagation procedure by for example changing partial derivatives... <br> In order to prevent said errors to occur unnoticed tensors have versions which will increment when the underlying data of the tensor changes. This version will be tracked by the computation graph as well in order to match it with the ones stored inside the tensor. A mismatch would then yield an exception! This specification is responsible for defining the behaviour of this version number with respect to their wrapping tensors as well as computation graph nodes.",
  "headers":["<p> Here you can find out how the version number of a tensor is set and tracked. </p>"],"tags":{},"see":[],
  "features":[ 
    {
      "id":"Inline operations causes version incrementation.",
      "result":"PASS",
      "duration":"0.044 seconds",
      "iterations":{
      "tags":{},"see":[],"extraInfo":[]
      },
      "blocks":[
        {"kind":"given","text":"2 tensors a and b.","code":["Neureka.get().settings().autograd().setIsPreventingInlineOperations( safe_inline )","Tsr a = Tsr.of(4) + Tsr.of(2)","Tsr b = Tsr.of(-1) + Tsr.of(-3).setRqsGradient(true)","Binding binding = new Binding()","binding.setVariable('a', a)","binding.setVariable('b', b)"]},
        {"kind":"expect","text":"Initially both tensors have a version number of 0.","code":["a.getVersion() == 0","b.getVersion() == 0"]},
        {"kind":"when","text":"The groovy code (performing inline operations) is being evaluated.","code":["Tsr c = new GroovyShell(binding).evaluate((code))"]},
        {"kind":"then","text":"The resulting tensor (toString) will contain the expected sub-string.","code":["c.toString().contains(expected)","c == a"]},
        {"kind":"and","text":"The three tensors have the expected versions.","code":["a.getVersion() == version_of_a","b.getVersion() == version_of_b","c.getVersion() == version_of_c"]},
        {"kind":"where","text":"","code":[]}
      ],
      "problems":"[]"
    },
  
    {
      "id":"Non-inline operations do not cause version incrementation.",
      "result":"PASS",
      "duration":"0.052 seconds",
      "iterations":{
      "tags":{},"see":[],"extraInfo":[]
      },
      "blocks":[
        {"kind":"given","text":"","code":["Neureka.get().settings().autograd().setIsPreventingInlineOperations( no_inline )"]},
        {"kind":"and","text":"Two tensors, one requiring gradients and the other one not.","code":["Tsr a = Tsr.of(6).setRqsGradient(true)","Tsr b = Tsr.of(-4)"]},
        {"kind":"and","text":"A binding for both tensors as preparation for calling the Groovy shell.","code":["Binding binding = new Binding()","binding.setVariable('a', a)","binding.setVariable('b', b)"]},
        {"kind":"expect","text":"The versions of both tensors are 0 initially.","code":["a.getVersion() == 0","b.getVersion() == 0"]},
        {"kind":"when","text":"The Groovy code is being evaluated inside the Groovy shell.","code":["Tsr c = new GroovyShell(binding).evaluate((code))"]},
        {"kind":"then","text":"The resulting tensor (toString) will contain the expected String.","code":["c.toString().contains(expected)","c != a"]},
        {"kind":"and","text":"The three tensors have the expected versions.","code":["a.getVersion() == version_of_a","b.getVersion() == version_of_b","c.getVersion() == version_of_c"]},
        {"kind":"where","text":"The following arguments are being used:","code":[]}
      ],
      "problems":"[]"
    },
  
    {
      "id":"Inline operations cause illegal state exceptions.",
      "result":"PASS",
      "duration":"0.020 seconds",
      "iterations":{
      "tags":{},"see":[],"extraInfo":[]
      },
      "blocks":[
        {"kind":"given","text":"","code":["Neureka.get().settings().autograd().setIsPreventingInlineOperations( true )","Tsr a = Tsr.of(4) + Tsr.of(2).setRqsGradient(true)","Tsr b = Tsr.of(-4)","Binding binding = new Binding()","binding.setVariable('a', a)","binding.setVariable('b', b)"]},
        {"kind":"expect","text":"","code":["a.getVersion() == 0","b.getVersion() == 0"]},
        {"kind":"when","text":"The groovy code is being evaluated.","code":["Tsr c = new GroovyShell( binding ).evaluate( code )"]},
        {"kind":"then","text":"An illegal state exception is being thrown.","code":["def exception = thrown(IllegalStateException)","exception.message == message"]},
        {"kind":"and","text":"The variable \"c\" is null!","code":["c == null"]},
        {"kind":"where","text":"","code":[]}
      ],
      "problems":"[]"
    },
  
    {
      "id":"Storing a tensor on a device should not change the version of a tensor (Even though its data changed technically).",
      "result":"PASS",
      "duration":"0.004 seconds",
      "iterations":{
      "tags":{},"see":[],"extraInfo":[]
      },
      "blocks":[
        {"kind":"given","text":"","code":["var t = Tsr.ofFloats().withShape(5, 2).andSeed(42)"]},
        {"kind":"expect","text":"","code":["t.version == 1"]},
        {"kind":"when","text":"","code":["t.to('GPU')"]},
        {"kind":"then","text":"","code":["t.isOutsourced()","t.version == 1"]},
        {"kind":"when","text":"","code":["t[0] = 1f","t[new int[]{1, 0}] = 6f","t[0, 1] = 42f","t.set(0, 3f)","t.setItemAt(3, 4f)","t.set(new int[]{1, 1}, -1f)","t.unsafe.setDataAt(3, 5f)"]},
        {"kind":"then","text":"","code":["t.version == 8"]}
      ],
      "problems":"[]"
    }
  
  ],
  "generator":"https://github.com/renatoathaydes/spock-reports"
}