{
  "className":"ut.tensors.Copy_Spec",
  "statistics":{
    "runs":"3",
    "successRate":"100.0%",
    "failures":"0",
    "errors":"0",
    "skipped":"0",
    "duration":"0.010 seconds"
  },

  "title":"To Copy or Not to Copy",
  "narrative":"In this specification we cover the behaviour of tensors with respect to their copy methods. There are to main ways to copy a tensor: <br> 1. .shallowCopy() <br> 2. .deepCopy() <br> <br> The first method creates a new tensor with the same underlying data array as the original tensor. <br> The second method on the other hand creates a new tensor with a new data array. <br> <br> The first method is the most efficient, but it is not as safe as the second method. <br> The second method is the most safe, but it is not as efficient. <br> <br> Besides these 2 main requirements, there are als some corner cases with respect to the components of a tensor (like for example its computation graph) which will be covered in this specification as well.",
  "headers":[],"tags":{},"see":[],
  "features":[ 
    {
      "id":"A deep copy of a tensor is also a deep copy of the underlying data array.",
      "result":"PASS",
      "duration":"0.002 seconds",
      "iterations":{
      "tags":{},"see":[],"extraInfo":[]
      },
      "blocks":[
        {"kind":"given","text":"A tensor of ints with shape (2, 3).","code":["var t = Tsr.ofInts().withShape(2, 3).andFill(1, 2, -9, 8, 3, -2)"]},
        {"kind":"expect","text":"The underlying data array is as expected.","code":["t.unsafe.data == [1, 2 ,-9, 8, 3, -2]"]},
        {"kind":"when","text":"We create a deep copy of the tensor.","code":["var deep = t.deepCopy()"]},
        {"kind":"then","text":"The copy is not the same instance as the original tensor.","code":["deep !== t"]},
        {"kind":"and","text":"The shape and underlying data array are equal to the original tensor but the data is not identical.","code":["deep.shape == t.shape","deep.unsafe.data == t.unsafe.data","deep.unsafe.data !== t.unsafe.data"]},
        {"kind":"and","text":"","code":["(0..<t.size).every({ int i -> deep.at(i) == t.at(i) })"]}
      ],
      "problems":"[]"
    },
  
    {
      "id":"A deep copy of a slice tensor is also a deep copy of the underlying data array.",
      "result":"PASS",
      "duration":"0.001 seconds",
      "iterations":{
      "tags":{},"see":[],"extraInfo":[]
      },
      "blocks":[
        {"kind":"given","text":"A slice of ints with shape (2, 2) sliced in-place from a tensor of shape (3, 3).","code":["var s = Tsr.ofInts().withShape(3, 3).andFill(1, 2, -9, 8, 3, -2)[0..1, 1..2]"]},
        {"kind":"expect","text":"The underlying items and data array is as expected.","code":["s.items == [2, -9, 3, -2]","s.data == [1, 2, -9, 8, 3, -2, 1, 2, -9]","s.unsafe.data == [1, 2, -9, 8, 3, -2, 1, 2, -9]"]},
        {"kind":"when","text":"We create a deep copy of the tensor.","code":["var deep = s.deepCopy()"]},
        {"kind":"then","text":"The copy is not the same instance as the original tensor.","code":["deep !== s"]},
        {"kind":"and","text":"The underlying items and data array are as expected.","code":["deep.items == [2, -9, 3, -2]","deep.data == [2, -9, 3, -2]","deep.unsafe.data == [2, -9, 3, -2]"]},
        {"kind":"and","text":"The slice and the copy have the same shape.","code":["deep.shape == s.shape","deep.items == s.items","deep.items !== s.items","deep.unsafe.data !== s.unsafe.data","deep.unsafe.data !== s.unsafe.data"]},
        {"kind":"and","text":"We verify that they share the same ints through the \"every\" method.","code":["(0..<s.size).every({ int i -> deep.at(i) == s.at(i) })"]}
      ],
      "problems":"[]"
    },
  
    {
      "id":"A shallow copy will share the same underlying data as its original tensor.",
      "result":"PASS",
      "duration":"0.001 seconds",
      "iterations":{
      "tags":{},"see":[],"extraInfo":[]
      },
      "blocks":[
        {"kind":"given","text":"A tensor of ints with shape (2, 3).","code":["var t = Tsr.ofInts().withShape(2, 3).andFill(1, 2, -9, 8, 3, -2)"]},
        {"kind":"expect","text":"The underlying data array is as expected.","code":["t.unsafe.data == [1, 2 ,-9, 8, 3, -2]"]},
        {"kind":"when","text":"We create a shallow copy of the tensor.","code":["var shallow = cloner(t)"]},
        {"kind":"then","text":"The copy is not the same instance as the original tensor.","code":["shallow !== t","shallow.shape == t.shape","shallow.unsafe.data == t.unsafe.data","shallow.unsafe.data === t.unsafe.data"]},
        {"kind":"and","text":"We verify that they share the same ints through the \"every\" method.","code":["(0..<t.size).every({ int i -> shallow.at(i) == t.at(i) })"]},
        {"kind":"where","text":"","code":[]}
      ],
      "problems":"[]"
    }
  
  ],
  "generator":"https://github.com/renatoathaydes/spock-reports"
}