{
  "className":"ut.tensors.Tensor_Generics_Spec",
  "statistics":{
    "runs":"3",
    "successRate":"100.0%",
    "failures":"0",
    "errors":"0",
    "skipped":"0",
    "duration":"0.006 seconds"
  },

  "title":"Tensors as Generic Containers",
  "narrative":"Tensors do not just store numeric data. They can hold anything which can be stuffed into a \"Object[]\" array. You could even create a tensor of tensors!",
  "headers":["<p> Here you will find out how to create a tensor of any kind of data. </p>"],"tags":{},"see":[],
  "features":[ 
    {
      "id":"Anonymous tensor instance has the default datatype class as defined in Neureka settings.",
      "result":"PASS",
      "duration":"0",
      "iterations":{
      "tags":{},"see":[],"extraInfo":[]
      },
      "blocks":[
        {"kind":"given","text":"","code":["Tsr<Double> t = Tsr.newInstance()"]},
        {"kind":"expect","text":"","code":["t.getRepresentativeItemClass() == Neureka.get().settings().dtype().defaultDataTypeClass"]},
        {"kind":"and","text":"","code":["t.getItemClass() == DataType.of(Neureka.get().settings().dtype().defaultDataTypeClass).getItemTypeClass()"]}
      ],
      "problems":"[]"
    },
  
    {
      "id":"String tensor instance discovers expected class.",
      "result":"PASS",
      "duration":"0",
      "iterations":{
      "tags":{},"see":[],"extraInfo":[]
      },
      "blocks":[
        {"kind":"given","text":"","code":["Tsr t = Tsr.of([2, 4], [\"Hi\", \"I'm\", \"a\", \"String\", \"list\"])"]},
        {"kind":"expect","text":"","code":["t.getItemClass() == String.class"]},
        {"kind":"and","text":"","code":["t.getRepresentativeItemClass() == String.class"]},
        {"kind":"and","text":"","code":["t.toString() == \"(2x4):[Hi, I'm, a, String, list, Hi, I'm, a]\""]}
      ],
      "problems":"[]"
    },
  
    {
      "id":"1D tensors can be created from primitive arrays.",
      "result":"PASS",
      "duration":"0",
      "iterations":{
      "tags":{},"see":[],"extraInfo":[]
      },
      "blocks":[
        {"kind":"given","text":"","code":["def t = Tsr.of(data)"]},
        {"kind":"expect","text":"","code":["t.rank() == 1"]},
        {"kind":"and","text":"","code":["t.size() == size"]},
        {"kind":"and","text":"","code":["t.getItemClass() == expected"]},
        {"kind":"where","text":"","code":[]}
      ],
      "problems":"[]"
    }
  
  ],
  "generator":"https://github.com/renatoathaydes/spock-reports"
}